profile_pic,username_digit_ratio,description_length,private,posts_count,followers_count,follows_count,fake,source_dataset
1,0.0,0,1,0,25,1937,1,instafake
1,0.26666666666666666,0,0,0,324,4122,1,instafake
0,0.25,0,0,0,15,399,1,instafake
1,0.1,0,0,1,14,107,1,instafake
1,0.0,0,0,0,264,4651,1,instafake
1,0.3076923076923077,0,1,2,33,1470,1,instafake
1,0.0,30,0,8,420,4883,1,instafake
1,0.0,0,0,396,442,6662,1,instafake
1,0.2,0,0,85,816,7497,1,instafake
1,0.375,1,1,0,150,6631,1,instafake
1,0.14285714285714285,0,1,1,235,7202,1,instafake
1,0.42857142857142855,0,0,1,99,1358,1,instafake
0,0.0,0,1,0,59,6603,1,instafake
1,0.0,0,0,1,4,179,1,instafake
0,0.1,58,0,0,39,1022,1,instafake
0,0.0,0,0,0,8,23,1,instafake
0,0.0,26,0,2,622,364,1,instafake
0,0.0,0,0,0,37,207,1,instafake
0,0.0,34,0,0,66,244,1,instafake
1,0.2,0,0,1,32,4,1,instafake
1,0.4,0,1,0,27,354,1,instafake
0,0.2727272727272727,0,0,0,47,106,1,instafake
0,0.25,0,1,0,25,136,1,instafake
0,0.0,0,1,1,5,243,1,instafake
0,0.4444444444444444,0,1,0,0,848,1,instafake
1,0.05,111,0,1,232,6013,1,instafake
1,0.0,11,0,0,534,539,1,instafake
0,0.0,0,0,0,1,8,1,instafake
1,0.0,0,1,0,0,126,1,instafake
1,0.4,0,0,0,5,77,1,instafake
0,0.6363636363636364,0,1,0,0,6,1,instafake
1,0.0,16,1,1,80,1844,1,instafake
1,0.0,53,0,0,87,851,1,instafake
1,0.0,89,0,2,29,1603,1,instafake
1,0.4,0,0,3,247,1749,1,instafake
0,0.0,0,1,0,290,2269,1,instafake
1,0.0,16,1,1,12,2721,1,instafake
0,0.16666666666666666,0,0,0,46,2521,1,instafake
0,0.09090909090909091,13,1,0,2,1973,1,instafake
1,0.0,0,0,0,8,1359,1,instafake
0,0.15384615384615385,10,1,6,36,2004,1,instafake
1,0.3333333333333333,8,0,1,37,1982,1,instafake
1,0.4,0,0,0,61,992,1,instafake
1,0.0,17,0,0,105,6802,1,instafake
0,0.0,20,1,0,607,7455,1,instafake
1,0.4444444444444444,0,1,0,14,1725,1,instafake
0,0.1111111111111111,0,0,1,69,3577,1,instafake
0,0.0,0,0,0,26,1919,1,instafake
1,0.23076923076923078,0,0,1,12,1710,1,instafake
0,0.3333333333333333,0,0,0,12,1377,1,instafake
1,0.15384615384615385,50,1,0,51,3241,1,instafake
1,0.2857142857142857,0,1,0,8,1709,1,instafake
1,0.0,27,0,0,514,1999,1,instafake
0,0.0,53,0,0,104,1423,1,instafake
1,0.16666666666666666,0,1,0,83,2012,1,instafake
1,0.14285714285714285,9,1,0,69,1374,1,instafake
1,0.18181818181818182,0,0,5,282,2517,1,instafake
1,0.23529411764705882,23,0,1,49,2499,1,instafake
1,0.14285714285714285,0,0,0,14,3359,1,instafake
0,0.0,0,0,0,49,2987,1,instafake
0,0.09090909090909091,0,0,0,20,3543,1,instafake
1,0.4444444444444444,0,0,0,63,2318,1,instafake
1,0.0,0,0,1,5,964,1,instafake
1,0.3333333333333333,0,0,0,58,826,1,instafake
0,0.3333333333333333,0,1,0,110,1612,1,instafake
1,0.1,0,0,1,21,946,1,instafake
1,0.0,0,0,1,15,659,1,instafake
1,0.23076923076923078,0,0,0,2,757,1,instafake
1,0.16666666666666666,15,1,0,125,1396,1,instafake
1,0.0,0,0,1,14,3086,1,instafake
1,0.14285714285714285,0,0,0,4,883,1,instafake
1,0.2222222222222222,37,1,0,11,1898,1,instafake
0,0.3333333333333333,0,0,0,3208,1911,1,instafake
1,0.0,0,1,1,0,2513,1,instafake
1,0.0,85,1,0,124,1411,1,instafake
0,0.2222222222222222,0,1,0,441,2772,1,instafake
0,0.2857142857142857,0,0,0,10,1768,1,instafake
0,0.0,0,1,4,14,1229,1,instafake
0,0.0,0,0,0,16,2473,1,instafake
0,0.2222222222222222,0,1,0,22,2666,1,instafake
1,0.4444444444444444,0,0,1,24,2503,1,instafake
0,0.23076923076923078,0,0,0,32,2471,1,instafake
0,0.14285714285714285,0,0,0,102,332,1,instafake
1,0.0,4,1,1,53,620,1,instafake
0,0.0,0,0,0,9,1770,1,instafake
0,0.3,0,0,0,12,2319,1,instafake
0,0.16666666666666666,0,0,0,7,2116,1,instafake
1,0.0,0,0,0,52,2479,1,instafake
1,0.0,0,0,0,14,1803,1,instafake
1,0.3,0,0,0,22,1330,1,instafake
0,0.0,0,0,0,4,1546,1,instafake
0,0.0,0,0,0,58,2132,1,instafake
1,0.36363636363636365,0,0,0,8,2039,1,instafake
0,0.0,0,0,0,22,4006,1,instafake
0,0.15384615384615385,0,0,0,15,3949,1,instafake
0,0.25,0,0,0,26,3400,1,instafake
1,0.18181818181818182,70,0,0,32,3921,1,instafake
0,0.1,0,0,0,34,7158,1,instafake
1,0.0,129,1,0,47,3999,1,instafake
0,0.0,0,1,1,162,171,1,instafake
1,0.09090909090909091,0,0,2,643,2240,1,instafake
1,0.2,0,0,0,147,2387,1,instafake
0,0.23529411764705882,0,0,0,35,4621,1,instafake
0,0.375,0,0,0,11,4677,1,instafake
1,0.0,0,0,0,52,4614,1,instafake
1,0.6153846153846154,0,0,2,33,5133,1,instafake
0,0.2777777777777778,0,0,0,29,5105,1,instafake
1,0.625,0,0,0,6,961,1,instafake
1,0.0,70,0,3,64,190,1,instafake
0,0.0,0,0,0,18,1741,1,instafake
1,0.0,0,0,3,163,6747,1,instafake
1,0.2,0,0,1,6,181,1,instafake
1,0.0,0,0,1,17,1299,1,instafake
0,0.14285714285714285,0,0,0,16,266,1,instafake
1,0.0,9,0,0,153,1195,1,instafake
0,0.2631578947368421,0,0,0,38,1678,1,instafake
1,0.0,0,0,3,959,2107,1,instafake
1,0.45454545454545453,0,1,8,109,1722,1,instafake
1,0.0,0,1,5,129,1796,1,instafake
1,0.0,0,0,1,35,2553,1,instafake
0,0.0,0,1,2,6,866,1,instafake
1,0.2631578947368421,0,0,1,19,4046,1,instafake
1,0.0,110,0,3,34,938,1,instafake
1,0.2222222222222222,0,0,1,494,3853,1,instafake
1,0.0,24,0,3,30,940,1,instafake
1,0.07692307692307693,85,0,3,26,1392,1,instafake
0,0.0,0,1,0,5,16,1,instafake
1,0.3,0,0,1,160,2246,1,instafake
1,0.0,0,0,4,48,179,1,instafake
1,0.0,6,0,1,55,776,1,instafake
0,0.21428571428571427,0,0,1,11,159,1,instafake
1,0.0,74,0,3,185,1928,1,instafake
1,0.0,0,0,3,11,2258,1,instafake
1,0.375,19,0,1,29,1857,1,instafake
1,0.0,14,0,2,39,481,1,instafake
1,0.09090909090909091,57,0,3,71,31,1,instafake
0,0.0,0,1,0,3,151,1,instafake
0,0.16666666666666666,0,1,0,1,1807,1,instafake
1,0.16666666666666666,0,1,0,3,76,1,instafake
0,0.15384615384615385,0,0,0,11,76,1,instafake
0,0.0,0,1,0,1,67,1,instafake
0,0.0,0,1,0,29,41,1,instafake
0,0.3,0,0,0,0,3,1,instafake
0,0.4444444444444444,0,0,0,13,114,1,instafake
0,0.1,0,1,0,17,183,1,instafake
0,0.0,0,1,0,24,696,1,instafake
0,0.4444444444444444,0,1,0,3,157,1,instafake
0,0.0,0,1,0,0,54,1,instafake
0,0.4444444444444444,24,1,0,11,344,1,instafake
0,0.0,0,1,0,1,282,1,instafake
0,0.0,0,1,0,0,577,1,instafake
0,0.0,0,1,0,0,434,1,instafake
0,0.2,0,0,0,2,57,1,instafake
0,0.0,0,0,0,26,142,1,instafake
0,0.5,0,1,0,49,111,1,instafake
1,0.0,0,1,0,1,127,1,instafake
1,0.0,0,1,0,16,486,1,instafake
1,0.0,0,0,0,25,322,1,instafake
1,0.0,0,1,0,0,194,1,instafake
1,0.1111111111111111,14,1,0,0,174,1,instafake
1,0.0,0,1,0,0,524,1,instafake
1,0.14285714285714285,0,1,1,5,460,1,instafake
1,0.0,0,1,9,0,753,1,instafake
1,0.2857142857142857,0,1,0,0,140,1,instafake
1,0.4,0,1,0,301,7493,1,instafake
1,0.0,0,0,2,368,6929,1,instafake
1,0.0,10,0,5,80,4839,1,instafake
1,0.3333333333333333,0,0,1,28,4518,1,instafake
1,0.2222222222222222,0,0,6,223,1735,1,instafake
1,0.0,0,0,3,140,1104,1,instafake
1,0.1875,130,0,9,85,1401,1,instafake
1,0.1111111111111111,35,0,2,32,2184,1,instafake
1,0.0,36,0,1,34,3681,1,instafake
1,0.0,0,0,1,14,2429,1,instafake
1,0.0,12,0,1,11,1008,1,instafake
1,0.3333333333333333,50,1,1,228,4956,1,instafake
1,0.0,0,0,4,133,145,1,instafake
1,0.3333333333333333,0,0,1,407,3792,1,instafake
1,0.0,0,0,6,64,359,1,instafake
1,0.5555555555555556,0,0,1,288,4276,1,instafake
1,0.0,3,0,3,307,4887,1,instafake
1,0.0,0,0,1,88,266,1,instafake
0,0.4666666666666667,0,0,1,145,2291,1,instafake
0,0.0,0,0,2,34,219,1,instafake
1,0.0,0,0,0,165,618,1,instafake
0,0.375,0,1,0,165,752,1,instafake
0,0.4444444444444444,0,1,0,151,1975,1,instafake
0,0.0,0,0,0,12,25,1,instafake
0,0.0,0,1,0,1338,3364,1,instafake
0,0.3,0,0,0,401,3796,1,instafake
0,0.9090909090909091,0,0,0,228,1779,1,instafake
1,0.6666666666666666,0,1,3,1127,3758,1,instafake
0,0.4,0,0,0,0,0,1,instafake
1,0.05263157894736842,90,0,9,1,0,1,instafake
1,0.26666666666666666,59,0,7,1,1,1,instafake
1,0.0,138,0,6,0,25,1,instafake
1,0.42857142857142855,52,0,6,0,0,1,instafake
1,0.06666666666666667,92,0,9,0,1,1,instafake
1,0.07692307692307693,60,0,5,1,0,1,instafake
1,0.2,108,0,6,0,0,1,instafake
1,0.0,0,0,0,258,238,0,instafake
1,0.0,30,1,29,263,482,0,instafake
1,0.0,9,1,0,51,78,0,instafake
1,0.2222222222222222,22,1,25,297,480,0,instafake
1,0.0,0,1,95,113,242,0,instafake
1,0.0,26,1,340,545,995,0,instafake
1,0.0,0,1,30,52,121,0,instafake
1,0.0,0,0,156,1038,6640,0,instafake
1,0.0,51,0,10,172,227,0,instafake
1,0.0,14,1,4,101,114,0,instafake
1,0.0,31,0,4,250,247,0,instafake
1,0.0,0,1,38,413,677,0,instafake
1,0.0,1,1,7,172,187,0,instafake
1,0.0,0,1,2,337,455,0,instafake
1,0.16666666666666666,29,1,8,114,155,0,instafake
1,0.1111111111111111,0,1,76,174,165,0,instafake
1,0.0,36,1,13,372,362,0,instafake
1,0.0,41,0,17,338,330,0,instafake
1,0.0,47,0,198,2207,593,0,instafake
1,0.0,19,1,19,449,410,0,instafake
1,0.0,105,1,276,594,863,0,instafake
1,0.0,23,1,39,679,764,0,instafake
1,0.0,41,1,95,569,539,0,instafake
1,0.0,0,1,73,540,543,0,instafake
1,0.0,25,1,30,441,368,0,instafake
1,0.0,37,1,120,570,455,0,instafake
1,0.0,16,0,69,368,1114,0,instafake
1,0.0,59,0,21,634,648,0,instafake
1,0.0,18,0,78,687,539,0,instafake
1,0.0,36,0,221,579,413,0,instafake
1,0.0,0,1,312,752,726,0,instafake
1,0.0,0,0,323,861,686,0,instafake
1,0.0,122,1,49,535,368,0,instafake
1,0.0,39,1,374,1872,1806,0,instafake
1,0.0,33,0,39,257,149,0,instafake
1,0.0,63,1,807,3140,496,0,instafake
1,0.1875,0,1,373,491,745,0,instafake
1,0.0,23,1,93,434,528,0,instafake
1,0.0,0,1,49,1073,837,0,instafake
1,0.0,57,1,313,1532,1431,0,instafake
1,0.0,87,0,53,737,875,0,instafake
1,0.0,26,1,2,335,353,0,instafake
1,0.0,47,1,9,399,364,0,instafake
1,0.2,0,1,0,310,330,0,instafake
1,0.0,21,0,8,392,379,0,instafake
1,0.0,0,1,0,163,186,0,instafake
1,0.0,8,1,10,642,707,0,instafake
1,0.0,28,1,21,594,800,0,instafake
1,0.0,11,1,2,295,302,0,instafake
1,0.0,76,0,40,377,539,0,instafake
1,0.0,0,1,2,345,393,0,instafake
1,0.0,0,1,20,667,660,0,instafake
1,0.14285714285714285,44,1,14,347,610,0,instafake
1,0.0,27,1,9,340,378,0,instafake
1,0.0,110,1,188,1136,976,0,instafake
1,0.0,10,1,16,206,201,0,instafake
1,0.06666666666666667,66,1,52,873,913,0,instafake
1,0.0,59,1,10,289,224,0,instafake
1,0.0,0,1,25,510,594,0,instafake
1,0.0,2,1,29,804,648,0,instafake
1,0.0,41,1,78,542,531,0,instafake
1,0.0,57,1,39,516,555,0,instafake
1,0.0,32,1,59,472,431,0,instafake
1,0.0,10,1,2,138,124,0,instafake
1,0.0,79,1,14,201,317,0,instafake
1,0.0,4,1,11,234,242,0,instafake
1,0.0,27,1,37,302,306,0,instafake
1,0.0,0,0,88,586,779,0,instafake
1,0.0,0,1,3,260,410,0,instafake
1,0.0,0,1,25,377,508,0,instafake
1,0.0,45,0,114,561,508,0,instafake
1,0.0,16,1,93,720,643,0,instafake
1,0.0,0,1,38,413,677,0,instafake
1,0.0,67,1,45,415,416,0,instafake
1,0.0,35,1,70,247,289,0,instafake
1,0.0,0,1,1,321,391,0,instafake
1,0.0,6,0,83,847,652,0,instafake
1,0.0,22,1,12,312,323,0,instafake
1,0.0,13,0,60,535,426,0,instafake
1,0.0,28,1,8,323,326,0,instafake
1,0.0,0,1,156,521,1282,0,instafake
1,0.0,24,1,5,258,286,0,instafake
1,0.0,128,1,11,306,329,0,instafake
1,0.0,6,1,12,256,307,0,instafake
1,0.0,14,0,16,346,303,0,instafake
1,0.0,15,0,22,300,267,0,instafake
1,0.0,8,1,2,230,230,0,instafake
1,0.0,10,1,20,516,538,0,instafake
1,0.0,76,1,26,257,254,0,instafake
1,0.0,40,0,21,334,411,0,instafake
1,0.0,27,1,31,195,396,0,instafake
1,0.0,53,1,483,740,940,0,instafake
1,0.0,0,1,8,340,343,0,instafake
1,0.0,0,0,1,404,461,0,instafake
1,0.0,0,1,9,197,320,0,instafake
1,0.0,74,1,33,474,410,0,instafake
1,0.0,19,1,209,213,153,0,instafake
1,0.0625,35,1,61,936,706,0,instafake
1,0.0,0,1,7,207,196,0,instafake
1,0.0,0,1,0,77,92,0,instafake
1,0.0,24,1,75,453,528,0,instafake
1,0.0,12,1,92,293,339,0,instafake
1,0.0,8,1,16,473,497,0,instafake
1,0.0,7,1,56,379,436,0,instafake
1,0.26666666666666666,85,1,236,642,776,0,instafake
1,0.0,26,1,19,350,393,0,instafake
1,0.2,33,1,10,167,184,0,instafake
1,0.0,81,1,60,301,444,0,instafake
1,0.0,74,1,134,536,504,0,instafake
1,0.0,0,1,23,374,311,0,instafake
1,0.3333333333333333,50,1,56,342,343,0,instafake
1,0.0,41,1,11,673,587,0,instafake
1,0.0,60,0,110,426,486,0,instafake
1,0.0,13,1,34,593,923,0,instafake
1,0.0,0,0,13,313,280,0,instafake
1,0.0,0,1,47,292,447,0,instafake
1,0.0,0,1,0,95,106,0,instafake
1,0.0,14,0,5,186,217,0,instafake
1,0.0,43,1,25,275,602,0,instafake
0,0.0,0,1,1,96,174,0,instafake
0,0.4,0,1,53,322,1496,0,instafake
1,0.0,0,1,3,371,376,0,instafake
1,0.0,17,1,6,153,180,0,instafake
1,0.0,0,1,43,585,576,0,instafake
1,0.23529411764705882,0,0,3,486,578,0,instafake
1,0.0,3,1,79,402,524,0,instafake
1,0.4,25,1,10,527,527,0,instafake
1,0.0,0,1,0,237,283,0,instafake
1,0.0,32,1,8,321,330,0,instafake
1,0.0,19,1,3,274,267,0,instafake
1,0.18181818181818182,0,0,11,262,522,0,instafake
1,0.0,0,1,0,109,115,0,instafake
1,0.0,4,1,137,425,477,0,instafake
1,0.0,10,0,0,36,315,0,instafake
1,0.0,0,1,141,1206,962,0,instafake
1,0.0,42,0,2,156,199,0,instafake
1,0.0,45,1,41,284,361,0,instafake
1,0.0,0,0,53,225,446,0,instafake
1,0.0,14,1,8,346,390,0,instafake
1,0.0,61,1,1,339,378,0,instafake
1,0.0,20,0,15,760,577,0,instafake
1,0.0,10,1,8,218,221,0,instafake
1,0.0,23,1,6,319,328,0,instafake
1,0.0,59,1,25,507,493,0,instafake
1,0.0,18,1,21,562,691,0,instafake
1,0.0,0,1,18,524,510,0,instafake
1,0.0,0,1,0,252,579,0,instafake
0,0.047619047619047616,0,1,3,181,199,0,instafake
1,0.0,19,1,24,182,188,0,instafake
1,0.0,22,0,29,777,582,0,instafake
1,0.0,17,1,11,257,281,0,instafake
1,0.0,22,0,20,109,104,0,instafake
1,0.0,0,1,6,127,142,0,instafake
1,0.0,139,1,12,611,412,0,instafake
1,0.0,0,1,19,136,365,0,instafake
1,0.0,34,1,4,264,265,0,instafake
1,0.0,12,1,31,447,387,0,instafake
1,0.0,0,1,1,225,256,0,instafake
1,0.0,25,1,21,278,672,0,instafake
1,0.0,0,0,117,152,221,0,instafake
1,0.0,0,1,35,616,718,0,instafake
1,0.0,65,1,6,357,369,0,instafake
0,0.0,0,1,1,38,158,0,instafake
1,0.0,74,0,6,199,197,0,instafake
1,0.0,49,0,172,452,385,0,instafake
1,0.0,93,1,53,265,312,0,instafake
1,0.0,115,1,24,485,510,0,instafake
1,0.0,1,1,12,247,236,0,instafake
1,0.1875,30,0,11,696,769,0,instafake
1,0.0,35,1,18,342,286,0,instafake
1,0.0,0,1,8,189,272,0,instafake
1,0.0,44,1,43,487,788,0,instafake
1,0.0,0,0,17,68,75,0,instafake
1,0.0,10,0,40,354,363,0,instafake
1,0.0,34,1,30,334,499,0,instafake
1,0.0,32,1,23,304,321,0,instafake
1,0.0,42,0,19,226,248,0,instafake
1,0.0,21,1,58,265,319,0,instafake
1,0.09090909090909091,40,1,42,527,498,0,instafake
1,0.0,0,1,24,327,524,0,instafake
1,0.0,4,1,0,173,195,0,instafake
1,0.0,0,1,34,254,907,0,instafake
1,0.0,0,0,23,233,280,0,instafake
1,0.0,0,1,1,210,220,0,instafake
1,0.0,51,1,136,651,722,0,instafake
1,0.0,0,1,36,237,249,0,instafake
1,0.0,118,1,92,204,445,0,instafake
1,0.0,0,1,3,268,388,0,instafake
1,0.0,46,1,45,293,438,0,instafake
1,0.0,19,1,167,345,332,0,instafake
1,0.0,135,1,245,1725,1466,0,instafake
1,0.0,0,0,63,311,351,0,instafake
1,0.0,23,1,59,224,308,0,instafake
1,0.0,0,1,10,245,395,0,instafake
1,0.0,0,1,43,582,828,0,instafake
1,0.0,83,1,120,447,572,0,instafake
1,0.0,6,0,0,165,205,0,instafake
1,0.0,9,1,16,187,207,0,instafake
1,0.0,0,1,16,334,234,0,instafake
1,0.0,27,1,121,613,555,0,instafake
1,0.0,0,0,155,278,265,0,instafake
1,0.0,0,0,65,277,175,0,instafake
1,0.0,0,1,0,107,260,0,instafake
1,0.0,44,1,19,735,665,0,instafake
1,0.0,39,1,23,242,299,0,instafake
1,0.0,19,1,14,209,216,0,instafake
1,0.0,0,1,7,253,303,0,instafake
1,0.0,4,0,49,305,322,0,instafake
1,0.0,0,1,0,105,167,0,instafake
1,0.0,78,1,19,371,357,0,instafake
1,0.0,21,1,31,378,422,0,instafake
1,0.0,51,1,11,384,219,0,instafake
1,0.0,0,0,225,848,959,0,instafake
1,0.0,0,1,1,143,233,0,instafake
1,0.0,0,1,28,334,870,0,instafake
1,0.15384615384615385,43,0,76,590,801,0,instafake
1,0.0,30,1,122,274,403,0,instafake
1,0.4,0,0,25,179,347,0,instafake
1,0.0,0,1,0,116,187,0,instafake
1,0.0,30,1,9,235,186,0,instafake
1,0.0,0,1,40,222,248,0,instafake
1,0.0,0,1,76,290,289,0,instafake
1,0.3333333333333333,13,1,14,349,427,0,instafake
1,0.0,13,1,7,224,234,0,instafake
1,0.0,19,1,108,550,502,0,instafake
1,0.0,0,1,3,118,92,0,instafake
1,0.0,14,0,1,320,457,0,instafake
1,0.0,11,1,49,684,592,0,instafake
0,0.0,0,1,0,477,474,0,instafake
1,0.0,43,0,21,268,348,0,instafake
1,0.0,115,1,92,303,418,0,instafake
1,0.0,7,1,0,185,486,0,instafake
1,0.0,66,1,11,347,407,0,instafake
1,0.0,0,0,18,340,806,0,instafake
1,0.0,0,1,63,350,385,0,instafake
1,0.0,3,0,17,391,314,0,instafake
1,0.0,9,1,26,404,454,0,instafake
1,0.0,115,1,54,679,666,0,instafake
1,0.0,21,1,23,236,338,0,instafake
1,0.0,150,1,141,898,624,0,instafake
1,0.4444444444444444,8,0,86,489,473,0,instafake
1,0.0,0,0,31,379,386,0,instafake
1,0.0,110,1,101,316,317,0,instafake
1,0.0,5,0,99,473,614,0,instafake
1,0.0,69,1,63,146,163,0,instafake
1,0.0,36,1,39,256,338,0,instafake
1,0.0,0,0,24,1035,828,0,instafake
1,0.0,146,1,155,326,654,0,instafake
1,0.0,43,1,15,342,371,0,instafake
1,0.0,0,1,41,531,686,0,instafake
1,0.0,0,1,34,488,569,0,instafake
1,0.0,35,0,15,1218,351,0,instafake
1,0.0,0,1,23,403,388,0,instafake
1,0.0,25,0,7,393,372,0,instafake
1,0.0,9,1,4,505,382,0,instafake
1,0.0,0,1,8,181,186,0,instafake
1,0.0,46,1,138,319,319,0,instafake
1,0.0,0,1,66,561,737,0,instafake
1,0.0,0,1,140,283,355,0,instafake
1,0.0,42,1,71,384,469,0,instafake
1,0.0,0,1,62,446,496,0,instafake
1,0.0,9,1,440,208,310,0,instafake
1,0.0,130,1,428,1123,1162,0,instafake
1,0.0,6,1,36,283,442,0,instafake
1,0.0,11,1,114,682,762,0,instafake
1,0.0,41,1,23,460,459,0,instafake
1,0.0,25,1,115,461,440,0,instafake
1,0.0,35,1,91,725,733,0,instafake
1,0.0,0,1,33,132,345,0,instafake
1,0.0,50,1,38,424,499,0,instafake
1,0.0,18,1,102,321,306,0,instafake
1,0.0,34,1,88,584,653,0,instafake
1,0.0,58,1,58,589,601,0,instafake
1,0.0,0,1,161,620,623,0,instafake
1,0.0,103,1,132,1500,1446,0,instafake
1,0.07692307692307693,42,1,32,213,235,0,instafake
1,0.0,116,1,33,376,437,0,instafake
1,0.0,98,1,28,150,256,0,instafake
1,0.0,35,0,25,351,381,0,instafake
1,0.0,14,0,71,414,440,0,instafake
1,0.0,35,1,28,473,397,0,instafake
1,0.0,0,1,262,521,860,0,instafake
1,0.0,0,0,26,230,358,0,instafake
1,0.0,30,1,24,350,426,0,instafake
1,0.0,19,1,60,376,636,0,instafake
1,0.0,0,1,29,475,528,0,instafake
1,0.0,22,1,13,288,276,0,instafake
1,0.0,0,0,4,515,571,0,instafake
1,0.0,61,1,7,470,627,0,instafake
1,0.0,41,1,111,367,416,0,instafake
1,0.0,41,1,4,252,265,0,instafake
1,0.0,0,1,23,269,268,0,instafake
1,0.0,33,1,47,312,453,0,instafake
1,0.0,21,1,22,370,387,0,instafake
1,0.0,23,1,58,609,543,0,instafake
1,0.0,63,0,35,330,433,0,instafake
1,0.0,35,0,67,649,630,0,instafake
1,0.0,33,1,67,529,589,0,instafake
1,0.0,0,1,21,348,359,0,instafake
1,0.0,135,1,187,576,680,0,instafake
1,0.0,43,1,69,387,382,0,instafake
1,0.0,25,1,48,120,84,0,instafake
1,0.0,2,1,16,290,517,0,instafake
1,0.0,88,0,171,522,641,0,instafake
1,0.0,17,1,125,639,677,0,instafake
1,0.0,0,1,325,554,561,0,instafake
1,0.0,0,1,36,230,436,0,instafake
1,0.0,22,1,22,545,494,0,instafake
1,0.0,0,1,28,252,509,0,instafake
1,0.0,22,1,29,420,1097,0,instafake
1,0.0,140,0,43,2939,595,0,instafake
1,0.0,82,1,48,456,545,0,instafake
1,0.0,6,1,27,326,784,0,instafake
1,0.0,22,1,16,241,293,0,instafake
1,0.0,0,1,61,349,420,0,instafake
1,0.0,0,1,47,367,524,0,instafake
1,0.0,0,1,94,462,682,0,instafake
1,0.0,0,1,21,202,201,0,instafake
1,0.14285714285714285,0,1,4,95,90,0,instafake
1,0.0,18,0,0,346,318,0,instafake
1,0.0,7,1,588,603,1233,0,instafake
1,0.0,32,1,48,386,482,0,instafake
1,0.0,87,0,79,219,99,0,instafake
1,0.0,0,1,117,99,227,0,instafake
1,0.0,6,1,25,417,375,0,instafake
1,0.0,33,0,12,266,248,0,instafake
1,0.0,35,0,117,592,108,0,instafake
1,0.14285714285714285,0,1,101,308,423,0,instafake
1,0.0,0,0,142,261,102,0,instafake
1,0.0,4,1,16,571,755,0,instafake
1,0.0,0,1,11,311,406,0,instafake
1,0.0,0,1,15,115,143,0,instafake
1,0.0,146,0,83,623,579,0,instafake
1,0.0,0,1,4,473,794,0,instafake
1,0.0,27,1,44,575,537,0,instafake
1,0.0,54,1,70,399,826,0,instafake
1,0.0,0,1,2,119,116,0,instafake
1,0.0,0,1,99,260,344,0,instafake
1,0.0,57,0,33,436,348,0,instafake
1,0.0,37,1,48,917,591,0,instafake
1,0.0,9,0,72,153,367,0,instafake
1,0.0,0,1,249,676,701,0,instafake
1,0.0,60,1,14,369,430,0,instafake
1,0.0,90,0,25,373,1477,0,instafake
1,0.4444444444444444,0,0,1,429,449,0,instafake
1,0.25,146,1,66,234,196,0,instafake
1,0.0,93,0,163,481,452,0,instafake
1,0.0,7,0,65,337,296,0,instafake
1,0.0,0,0,11,208,571,0,instafake
1,0.0,22,0,30,873,4935,0,instafake
1,0.0,14,1,33,194,219,0,instafake
1,0.0,0,1,9,371,442,0,instafake
1,0.0,0,1,40,83,252,0,instafake
0,0.0,0,1,0,22,28,0,instafake
1,0.0,0,1,82,244,263,0,instafake
1,0.0,7,1,59,134,365,0,instafake
1,0.19047619047619047,15,1,44,349,352,0,instafake
1,0.0,26,1,0,427,509,0,instafake
1,0.07142857142857142,0,1,49,60,108,0,instafake
1,0.0,0,1,56,249,171,0,instafake
1,0.0,9,1,61,378,578,0,instafake
1,0.0,3,1,5,92,196,0,instafake
1,0.0,0,0,39,221,224,0,instafake
1,0.0,20,0,0,66,61,0,instafake
1,0.0,32,1,31,462,483,0,instafake
1,0.0,0,1,125,630,755,0,instafake
1,0.0,0,0,2,126,88,0,instafake
1,0.0,20,1,38,486,479,0,instafake
1,0.0,0,1,43,51,48,0,instafake
1,0.0,48,1,58,626,679,0,instafake
1,0.0,11,1,44,748,996,0,instafake
1,0.0,23,0,52,1058,614,0,instafake
1,0.0,19,1,31,633,661,0,instafake
1,0.16666666666666666,131,1,75,207,201,0,instafake
1,0.0,20,1,3,200,257,0,instafake
1,0.1,40,1,10,216,268,0,instafake
1,0.0,76,0,411,911,343,0,instafake
1,0.0,107,1,49,199,209,0,instafake
1,0.0,8,1,27,658,604,0,instafake
1,0.0,32,1,3,409,504,0,instafake
1,0.0,0,1,5,158,209,0,instafake
1,0.0,0,0,174,872,772,0,instafake
1,0.0,53,1,131,203,250,0,instafake
1,0.0,0,1,1,93,51,0,instafake
1,0.0,0,1,1,66,84,0,instafake
1,0.0,18,0,17,422,377,0,instafake
1,0.0,0,1,8,106,115,0,instafake
1,0.0,10,1,100,238,100,0,instafake
1,0.0,0,1,84,325,523,0,instafake
1,0.0,42,1,85,278,458,0,instafake
1,0.0,2,1,115,1817,758,0,instafake
1,0.0,0,0,9,70,78,0,instafake
1,0.0,24,0,383,788,664,0,instafake
1,0.0,139,0,216,522,856,0,instafake
1,0.0,34,0,6,88,146,0,instafake
1,0.0,45,1,124,427,407,0,instafake
1,0.0,77,0,22,150,149,0,instafake
1,0.0,0,1,124,1099,584,0,instafake
1,0.18181818181818182,0,1,74,504,465,0,instafake
1,0.0,39,1,5,83,119,0,instafake
1,0.0,66,0,210,715,598,0,instafake
1,0.0,0,1,20,226,261,0,instafake
1,0.0,0,1,165,393,463,0,instafake
1,0.0,119,0,8,261,299,0,instafake
1,0.0,15,1,124,421,424,0,instafake
1,0.0,24,1,21,114,115,0,instafake
1,0.0,71,1,17,200,224,0,instafake
1,0.0,0,0,26,260,349,0,instafake
1,0.0,49,1,128,227,342,0,instafake
1,0.0,16,1,9,481,531,0,instafake
1,0.0,0,0,1,272,918,0,instafake
1,0.0,32,1,12,438,339,0,instafake
1,0.0,22,0,79,772,669,0,instafake
1,0.0,3,1,0,217,198,0,instafake
1,0.0,33,0,24,654,679,0,instafake
1,0.0,0,1,223,336,598,0,instafake
1,0.0,0,1,114,210,367,0,instafake
1,0.0,148,1,146,269,127,0,instafake
1,0.0,106,1,29,239,324,0,instafake
1,0.0,12,0,107,365,627,0,instafake
1,0.0,16,1,438,218,316,0,instafake
1,0.0,40,1,10,323,373,0,instafake
1,0.0,19,1,17,249,234,0,instafake
1,0.0,0,1,74,245,423,0,instafake
1,0.0,33,1,154,508,723,0,instafake
1,0.23529411764705882,32,1,1,304,298,0,instafake
1,0.0,136,0,113,3257,3511,0,instafake
1,0.0,43,1,6,420,417,0,instafake
1,0.0,10,1,52,209,257,0,instafake
1,0.15384615384615385,127,1,107,1669,996,0,instafake
1,0.0,0,1,4,81,52,0,instafake
1,0.0,0,1,13,415,439,0,instafake
1,0.0,0,1,0,129,152,0,instafake
1,0.0,0,1,85,165,181,0,instafake
1,0.0,19,1,0,273,297,0,instafake
1,0.0,41,0,17,338,330,0,instafake
1,0.0,0,0,53,225,446,0,instafake
1,0.0,19,1,19,449,410,0,instafake
1,0.0,105,1,276,594,863,0,instafake
1,0.0,23,1,39,679,764,0,instafake
1,0.0,41,1,95,569,539,0,instafake
1,0.0,0,1,73,540,543,0,instafake
1,0.0,25,1,30,441,368,0,instafake
1,0.0,37,1,120,570,455,0,instafake
1,0.0,16,0,69,367,1114,0,instafake
1,0.0,59,0,21,634,648,0,instafake
1,0.0,18,0,78,687,539,0,instafake
1,0.0,9,1,8,160,169,0,instafake
1,0.0,32,1,65,566,464,0,instafake
1,0.0,0,1,9,113,148,0,instafake
1,0.0,52,1,68,670,547,0,instafake
1,0.0,18,1,4,501,465,0,instafake
1,0.0,0,1,5,369,396,0,instafake
1,0.0,41,1,17,363,355,0,instafake
1,0.0,0,1,2,218,255,0,instafake
1,0.0,29,1,46,446,489,0,instafake
1,0.0,25,1,23,404,392,0,instafake
1,0.0,60,0,110,426,486,0,instafake
1,0.16666666666666666,131,1,75,207,201,0,instafake
1,0.2,17,1,4,200,229,0,instafake
1,0.0,44,1,56,606,722,0,instafake
1,0.0,9,1,4,191,280,0,instafake
1,0.0,14,0,71,414,440,0,instafake
1,0.0,0,1,32,698,705,0,instafake
1,0.0,33,1,31,510,669,0,instafake
1,0.0,43,1,9,233,242,0,instafake
1,0.0,18,0,75,361,358,0,instafake
1,0.125,0,1,60,200,204,0,instafake
1,0.0,0,1,22,222,185,0,instafake
1,0.0,0,1,7,148,196,0,instafake
1,0.0,0,1,2,274,309,0,instafake
1,0.0,0,0,0,209,240,0,instafake
1,0.0,20,1,6,301,477,0,instafake
1,0.0,39,1,11,116,162,0,instafake
1,0.0,0,1,7,207,196,0,instafake
1,0.0,18,1,36,199,272,0,instafake
1,0.0,0,1,76,289,451,0,instafake
1,0.0,49,0,37,513,520,0,instafake
1,0.0,0,1,0,105,174,0,instafake
1,0.0,25,0,21,695,635,0,instafake
1,0.0,0,1,16,540,604,0,instafake
1,0.0,0,1,7,337,482,0,instafake
1,0.0,48,1,34,625,703,0,instafake
1,0.0,11,0,4,175,313,0,instafake
1,0.0,26,1,33,358,315,0,instafake
1,0.0,37,0,26,616,564,0,instafake
1,0.0,50,1,181,600,719,0,instafake
1,0.0,12,1,12,236,226,0,instafake
1,0.0,0,1,50,325,335,0,instafake
1,0.07692307692307693,0,1,48,384,410,0,instafake
1,0.0,8,1,6,256,308,0,instafake
1,0.0,0,1,14,113,112,0,instafake
1,0.2857142857142857,0,1,8,81,142,0,instafake
1,0.0,38,1,19,380,500,0,instafake
1,0.0,0,0,0,270,493,0,instafake
1,0.15384615384615385,20,1,95,427,981,0,instafake
1,0.0,32,1,48,386,482,0,instafake
1,0.0,79,0,116,65,67,0,instafake
1,0.0,26,0,0,315,363,0,instafake
1,0.0,0,1,5,69,100,0,instafake
1,0.0,56,1,33,339,476,0,instafake
1,0.0,42,0,2,156,199,0,instafake
1,0.0,45,1,5,288,304,0,instafake
1,0.17647058823529413,0,1,2,101,109,0,instafake
1,0.0,0,0,9,358,336,0,instafake
1,0.0,13,1,16,467,519,0,instafake
1,0.0,51,0,13,318,306,0,instafake
1,0.0,6,1,88,352,575,0,instafake
1,0.0,34,1,53,256,344,0,instafake
1,0.0,17,1,20,228,320,0,instafake
1,0.0,0,0,25,257,252,0,instafake
1,0.0,78,1,12,240,492,0,instafake
1,0.0,0,1,1,203,256,0,instafake
1,0.0,7,1,2,79,80,0,instafake
1,0.0,21,1,42,431,463,0,instafake
1,0.0,11,1,13,217,266,0,instafake
1,0.0,0,1,114,423,523,0,instafake
1,0.0,0,0,8,142,224,0,instafake
1,0.0,25,1,26,432,410,0,instafake
1,0.0,23,1,44,310,357,0,instafake
1,0.0,35,1,23,333,358,0,instafake
1,0.0,0,1,21,202,201,0,instafake
1,0.0,30,1,44,421,565,0,instafake
1,0.2,34,1,45,449,481,0,instafake
1,0.0,8,1,9,318,318,0,instafake
1,0.0,29,1,10,371,370,0,instafake
1,0.0,19,1,22,262,265,0,instafake
1,0.0,0,1,13,588,497,0,instafake
1,0.0,16,0,111,636,632,0,instafake
1,0.0,44,1,105,266,257,0,instafake
1,0.0,0,0,393,204,126,0,instafake
1,0.13333333333333333,19,0,216,514,573,0,instafake
1,0.0,52,1,58,450,708,0,instafake
1,0.0,0,1,76,406,478,0,instafake
1,0.0,0,1,298,397,371,0,instafake
1,0.13333333333333333,0,0,131,1078,179,0,instafake
1,0.0,30,1,52,523,396,0,instafake
1,0.0,0,1,12,255,246,0,instafake
1,0.0,24,1,11,87,95,0,instafake
1,0.0,20,1,4,133,135,0,instafake
1,0.0,13,1,8,197,267,0,instafake
1,0.0,0,1,76,709,692,0,instafake
1,0.0,0,1,26,296,291,0,instafake
1,0.0,17,0,35,198,198,0,instafake
1,0.0,98,1,272,619,793,0,instafake
1,0.0,0,1,1,174,172,0,instafake
1,0.0,0,1,2,190,184,0,instafake
1,0.0,0,1,28,198,233,0,instafake
1,0.0,0,1,114,324,323,0,instafake
1,0.0,0,1,24,251,257,0,instafake
1,0.0,0,1,2,218,255,0,instafake
1,0.0,0,1,51,224,287,0,instafake
1,0.0,0,1,36,293,259,0,instafake
1,0.0,73,1,71,155,359,0,instafake
1,0.0,49,0,24,204,263,0,instafake
1,0.16666666666666666,67,1,12,512,365,0,instafake
1,0.2,139,1,19,257,291,0,instafake
1,0.0,0,1,31,213,245,0,instafake
1,0.0,0,1,5,369,396,0,instafake
1,0.0,0,1,96,309,323,0,instafake
1,0.0,0,1,27,472,534,0,instafake
1,0.0,0,1,28,202,340,0,instafake
1,0.0,0,0,147,272,240,0,instafake
1,0.0,20,1,12,303,341,0,instafake
1,0.0,0,1,9,189,190,0,instafake
1,0.0,18,1,32,455,449,0,instafake
1,0.0,17,1,25,634,618,0,instafake
1,0.0,134,0,84,541,516,0,instafake
1,0.0,64,1,152,450,473,0,instafake
1,0.0,0,0,3,143,237,0,instafake
1,0.0,1,1,149,467,681,0,instafake
1,0.0,43,0,332,1050,820,0,instafake
1,0.09090909090909091,0,1,3,194,278,0,instafake
1,0.0,0,0,1,55,31,0,instafake
1,0.0,0,1,94,462,682,0,instafake
1,0.0,0,1,79,455,603,0,instafake
1,0.0,0,1,55,246,267,0,instafake
1,0.0,0,1,5,116,214,0,instafake
1,0.0,0,1,24,97,156,0,instafake
1,0.0,35,1,175,1507,1198,0,instafake
1,0.0,0,0,199,196,270,0,instafake
1,0.0,0,1,271,304,450,0,instafake
1,0.0,14,1,25,488,546,0,instafake
1,0.0,39,1,102,464,684,0,instafake
1,0.18181818181818182,1,1,414,894,874,0,instafake
1,0.0,78,0,161,871,841,0,instafake
1,0.0,32,1,396,281,560,0,instafake
1,0.0,0,1,491,1170,1355,0,instafake
1,0.0,72,1,273,474,935,0,instafake
1,0.0,40,1,367,489,570,0,instafake
1,0.0,0,1,65,604,674,0,instafake
1,0.0,29,1,9,964,861,0,instafake
1,0.0,0,1,397,359,386,0,instafake
1,0.0,9,1,471,523,782,0,instafake
1,0.0,1,1,984,615,1187,0,instafake
1,0.0,41,0,80,894,720,0,instafake
1,0.0,21,0,127,420,457,0,instafake
1,0.18181818181818182,40,1,12,495,491,0,instafake
1,0.0,0,0,60,557,703,0,instafake
1,0.0,8,1,204,403,449,0,instafake
1,0.0,103,1,67,450,579,0,instafake
1,0.0,0,1,206,242,273,0,instafake
1,0.0,144,1,102,381,1319,0,instafake
1,0.0,0,0,312,736,662,0,instafake
1,0.0,13,1,7,625,977,0,instafake
1,0.0,36,1,13,372,362,0,instafake
1,0.0,133,1,234,550,555,0,instafake
1,0.0,0,0,79,150,184,0,instafake
1,0.0,70,1,579,407,464,0,instafake
1,0.0,0,0,263,1017,1201,0,instafake
1,0.0,0,1,22,148,426,0,instafake
1,0.0,38,0,289,1209,1093,0,instafake
1,0.0,0,1,300,382,691,0,instafake
1,0.0,15,0,732,520,604,0,instafake
1,0.0,0,1,582,1002,1089,0,instafake
1,0.0,24,1,166,305,386,0,instafake
1,0.0,0,1,16,619,937,0,instafake
1,0.0,24,1,38,619,750,0,instafake
1,0.0,45,1,69,719,607,0,instafake
1,0.0,1,1,16,108,125,0,instafake
1,0.0,0,1,67,343,388,0,instafake
1,0.0,0,1,69,323,405,0,instafake
1,0.0,101,0,126,1020,1048,0,instafake
1,0.0,0,0,266,982,979,0,instafake
1,0.0,0,1,104,416,460,0,instafake
1,0.0,0,1,134,511,916,0,instafake
1,0.0,32,0,16,511,563,0,instafake
1,0.0,0,1,38,403,490,0,instafake
1,0.0,0,1,68,319,429,0,instafake
1,0.0,0,1,169,213,406,0,instafake
1,0.0,0,1,12,199,228,0,instafake
1,0.4,23,1,27,211,255,0,instafake
1,0.0,0,1,9,214,208,0,instafake
1,0.0,4,1,15,875,878,0,instafake
1,0.0,64,1,36,907,927,0,instafake
1,0.0,0,1,112,299,540,0,instafake
1,0.0,0,1,91,625,921,0,instafake
1,0.0,11,1,44,238,410,0,instafake
1,0.0,0,1,37,167,294,0,instafake
1,0.0,0,1,15,509,690,0,instafake
1,0.0,0,0,1,210,238,0,instafake
1,0.0,8,1,373,366,377,0,instafake
1,0.0,0,1,93,475,551,0,instafake
1,0.0,14,1,103,330,272,0,instafake
1,0.0,0,0,19,362,373,0,instafake
1,0.0,22,1,21,248,289,0,instafake
1,0.0,27,1,52,379,531,0,instafake
1,0.0,0,1,15,431,688,0,instafake
1,0.0,89,0,37,609,719,0,instafake
1,0.0,0,1,98,548,480,0,instafake
1,0.0,16,1,314,428,413,0,instafake
1,0.0,0,1,308,361,1066,0,instafake
1,0.0,25,1,26,775,691,0,instafake
1,0.0,41,1,179,543,1020,0,instafake
1,0.0,4,1,5,383,419,0,instafake
1,0.09090909090909091,0,1,20,103,143,0,instafake
1,0.0,0,1,98,367,361,0,instafake
1,0.0,18,1,99,321,295,0,instafake
1,0.0,31,1,36,146,134,0,instafake
1,0.14285714285714285,0,1,0,219,337,0,instafake
1,0.0,1,1,54,302,362,0,instafake
1,0.0,0,1,130,379,484,0,instafake
1,0.0,0,1,26,468,504,0,instafake
1,0.0,0,1,69,645,694,0,instafake
1,0.0,48,1,42,251,321,0,instafake
1,0.0,0,1,69,276,352,0,instafake
1,0.0,7,1,80,302,307,0,instafake
1,0.0,0,1,20,357,593,0,instafake
1,0.0,0,1,3,251,292,0,instafake
1,0.0,23,0,5,824,962,0,instafake
1,0.0,0,1,100,549,545,0,instafake
1,0.0,1,1,184,552,639,0,instafake
1,0.0,25,1,164,409,407,0,instafake
1,0.0,0,0,38,362,332,0,instafake
1,0.0,0,1,26,374,449,0,instafake
1,0.0,33,1,223,601,509,0,instafake
1,0.0,18,0,62,723,649,0,instafake
1,0.0,24,1,19,473,531,0,instafake
1,0.25,21,1,30,536,669,0,instafake
1,0.0,0,1,240,404,458,0,instafake
1,0.0,0,1,217,516,764,0,instafake
1,0.0,0,0,142,406,392,0,instafake
1,0.0,0,1,44,400,835,0,instafake
1,0.0,0,1,107,1933,995,0,instafake
1,0.0,0,1,150,500,667,0,instafake
1,0.0,0,1,185,447,749,0,instafake
1,0.0,1,1,517,439,910,0,instafake
1,0.0,25,0,445,1054,1538,0,instafake
1,0.0,0,0,11,208,571,0,instafake
1,0.0,125,1,66,349,806,0,instafake
1,0.0,7,1,37,427,594,0,instafake
1,0.07692307692307693,0,1,0,323,505,0,instafake
1,0.0,51,1,9,341,440,0,instafake
1,0.0,0,1,12,104,120,0,instafake
1,0.0,31,1,1,272,302,0,instafake
1,0.0,18,1,15,170,181,0,instafake
1,0.0,43,1,67,381,515,0,instafake
1,0.0,0,0,0,196,224,0,instafake
1,0.0,91,0,9,141,96,0,instafake
1,0.0,0,1,5,273,392,0,instafake
1,0.0,0,1,30,1221,999,0,instafake
1,0.0,56,1,22,402,478,0,instafake
1,0.0,0,1,37,260,390,0,instafake
1,0.25,0,1,3,180,224,0,instafake
1,0.0,0,0,5,137,1096,0,instafake
1,0.4,0,1,13,43,48,0,instafake
1,0.0,27,1,102,404,408,0,instafake
1,0.0,0,1,227,719,1107,0,instafake
1,0.0,96,1,118,771,1743,0,instafake
1,0.0,30,1,81,271,771,0,instafake
1,0.0,0,0,143,124,115,0,instafake
1,0.0,0,1,11,102,264,0,instafake
1,0.0,0,1,0,109,154,0,instafake
1,0.0,25,1,27,422,466,0,instafake
1,0.2222222222222222,24,1,5,544,371,0,instafake
1,0.0,0,1,23,284,315,0,instafake
1,0.0,46,0,469,1083,1066,0,instafake
1,0.0,0,1,6,647,454,0,instafake
1,0.0,0,0,62,172,141,0,instafake
1,0.0,0,1,80,255,308,0,instafake
1,0.16666666666666666,84,1,86,718,917,0,instafake
1,0.0,14,0,46,120,135,0,instafake
1,0.0,0,0,13,531,480,0,instafake
1,0.25,103,1,2,136,162,0,instafake
1,0.0,63,1,29,661,628,0,instafake
1,0.4444444444444444,0,1,0,70,90,0,instafake
1,0.0,0,1,98,1562,1213,0,instafake
1,0.0,28,1,770,1483,1498,0,instafake
1,0.0,133,0,284,1087,922,0,instafake
1,0.0,29,0,211,911,561,0,instafake
1,0.0,14,0,228,1257,857,0,instafake
1,0.0,0,1,12,433,490,0,instafake
1,0.0,19,1,15,267,319,0,instafake
1,0.16666666666666666,0,1,36,163,109,0,instafake
1,0.0,0,1,27,196,207,0,instafake
1,0.0,10,0,2,260,296,0,instafake
1,0.0,0,1,37,192,145,0,instafake
1,0.0,24,0,45,187,191,0,instafake
1,0.0,27,1,35,579,504,0,instafake
1,0.2857142857142857,0,0,96,442,719,0,instafake
1,0.15384615384615385,0,0,0,5,4,0,instafake
1,0.0,0,1,203,309,827,0,instafake
1,0.0,0,1,5,189,332,0,instafake
1,0.0,0,1,43,522,493,0,instafake
1,0.3333333333333333,0,1,15,43,30,0,instafake
1,0.16666666666666666,0,0,0,59,89,0,instafake
1,0.0,0,0,0,168,10,0,instafake
1,0.0,0,1,1,213,274,0,instafake
1,0.23076923076923078,28,1,36,56,153,0,instafake
1,0.18181818181818182,0,1,22,294,307,0,instafake
1,0.0,0,1,50,290,656,0,instafake
1,0.0,0,1,53,488,1071,0,instafake
1,0.3333333333333333,0,0,31,384,455,0,instafake
1,0.0,38,1,78,390,520,0,instafake
1,0.0,24,0,112,1342,712,0,instafake
1,0.0,18,1,227,486,651,0,instafake
0,0.0,0,1,0,94,123,0,instafake
1,0.0,57,1,100,603,496,0,instafake
1,0.0,0,0,60,445,449,0,instafake
1,0.0,0,1,2,260,161,0,instafake
1,0.0,13,1,59,484,412,0,instafake
1,0.0,0,1,475,461,700,0,instafake
1,0.0,71,1,27,248,197,0,instafake
1,0.0,0,1,49,296,495,0,instafake
1,0.0,0,1,82,200,304,0,instafake
1,0.0,1,1,502,511,873,0,instafake
1,0.0,0,0,50,728,307,0,instafake
1,0.0,124,0,118,969,944,0,instafake
1,0.0,0,1,74,225,307,0,instafake
1,0.4,0,1,21,237,492,0,instafake
1,0.0,54,1,61,115,160,0,instafake
1,0.25,0,1,1,5,13,0,instafake
1,0.0,8,1,31,284,289,0,instafake
1,0.0,24,1,6,207,225,0,instafake
1,0.0,0,1,1,106,147,0,instafake
1,0.0,0,1,10,220,367,0,instafake
1,0.4,11,1,0,39,43,0,instafake
0,0.0,0,1,3,311,412,0,instafake
1,0.0,0,1,46,372,374,0,instafake
1,0.0,0,0,1,42,8,0,instafake
1,0.0,30,1,65,368,459,0,instafake
1,0.0,0,1,13,566,585,0,instafake
1,0.0,42,1,108,615,830,0,instafake
1,0.0,52,1,12,174,26,0,instafake
1,0.0,0,1,209,847,958,0,instafake
1,0.0,150,1,615,1121,1118,0,instafake
1,0.16666666666666666,4,1,2,245,208,0,instafake
1,0.0,0,1,104,374,445,0,instafake
1,0.0,0,0,64,505,498,0,instafake
1,0.0,33,1,176,341,1049,0,instafake
1,0.0,1,1,288,433,543,0,instafake
1,0.15384615384615385,0,1,23,499,758,0,instafake
1,0.0,0,1,25,310,349,0,instafake
1,0.0,40,1,799,330,422,0,instafake
1,0.0,24,0,109,527,659,0,instafake
1,0.0,0,1,0,79,90,0,instafake
1,0.0,1,1,170,456,653,0,instafake
1,0.0,48,1,41,319,378,0,instafake
1,0.0,0,0,4,169,39,0,instafake
1,0.0,23,1,47,403,470,0,instafake
1,0.0,31,1,84,550,485,0,instafake
1,0.0,5,1,113,972,732,0,instafake
1,0.0,0,1,59,161,168,0,instafake
1,0.0,42,0,31,584,669,0,instafake
1,0.0,0,1,52,433,453,0,instafake
1,0.0,56,1,88,512,522,0,instafake
1,0.0,0,0,17,547,790,0,instafake
1,0.0,98,1,1058,402,343,0,instafake
1,0.0,0,0,123,1801,1029,0,instafake
1,0.0,50,1,122,322,365,0,instafake
1,0.0,12,0,99,1031,719,0,instafake
1,0.0,22,0,38,846,743,0,instafake
1,0.0,5,1,67,460,380,0,instafake
1,0.08333333333333333,12,1,15,412,414,0,instafake
1,0.0,0,1,19,354,455,0,instafake
1,0.0,9,1,74,508,504,0,instafake
1,0.0,6,1,32,409,927,0,instafake
1,0.0,13,1,0,228,806,0,instafake
1,0.0,0,1,1,174,172,0,instafake
1,0.0,25,0,92,769,1115,0,instafake
1,0.0,0,1,13,559,674,0,instafake
1,0.0,23,1,38,382,346,0,instafake
1,0.0,19,1,30,338,334,0,instafake
1,0.0,0,1,56,345,362,0,instafake
1,0.0,33,1,38,419,411,0,instafake
1,0.0,9,1,75,476,462,0,instafake
1,0.0,15,1,15,348,338,0,instafake
1,0.0,0,1,36,582,623,0,instafake
1,0.0,59,1,80,479,547,0,instafake
1,0.0,14,1,38,352,333,0,instafake
1,0.0,6,1,58,581,544,0,instafake
1,0.0,39,1,49,560,500,0,instafake
1,0.0,10,1,41,525,1017,0,instafake
1,0.0,0,1,82,452,481,0,instafake
1,0.0,3,1,118,713,636,0,instafake
1,0.0,34,1,52,270,280,0,instafake
1,0.0,40,1,169,423,424,0,instafake
1,0.0,1,1,93,630,641,0,instafake
1,0.0,30,1,87,893,902,0,instafake
1,0.0,14,1,56,499,617,0,instafake
1,0.0,16,1,48,440,540,0,instafake
1,0.0,0,1,36,300,442,0,instafake
1,0.14285714285714285,8,1,15,294,386,0,instafake
1,0.0,50,1,18,428,385,0,instafake
1,0.0,0,1,72,480,481,0,instafake
1,0.0,0,0,17,726,582,0,instafake
1,0.0,26,1,596,924,832,0,instafake
1,0.0,22,1,56,631,645,0,instafake
1,0.0,22,1,94,254,352,0,instafake
1,0.0,0,1,76,406,478,0,instafake
1,0.0,0,1,99,842,797,0,instafake
1,0.0,21,1,36,647,542,0,instafake
1,0.0,0,1,50,513,442,0,instafake
1,0.0,2,1,37,338,367,0,instafake
1,0.0,98,1,272,619,793,0,instafake
1,0.0,66,1,27,938,1194,0,instafake
1,0.0,0,1,103,293,235,0,instafake
1,0.0,0,1,71,564,538,0,instafake
1,0.0,0,1,31,727,729,0,instafake
1,0.0,102,0,200,314,187,0,instafake
1,0.0,39,1,171,651,643,0,instafake
1,0.0,34,1,99,507,582,0,instafake
1,0.0,14,1,31,632,664,0,instafake
1,0.0,10,1,69,521,491,0,instafake
1,0.0,41,1,12,468,456,0,instafake
1,0.0,53,1,71,530,597,0,instafake
1,0.0,48,1,4,339,331,0,instafake
1,0.0,0,1,33,377,387,0,instafake
1,0.0,0,1,60,414,496,0,instafake
1,0.0,72,1,54,427,548,0,instafake
1,0.0,33,1,79,536,447,0,instafake
1,0.0,8,1,29,481,555,0,instafake
1,0.0,0,1,71,492,724,0,instafake
1,0.2,139,1,19,257,291,0,instafake
1,0.0,0,1,80,582,658,0,instafake
1,0.0,6,1,66,347,381,0,instafake
1,0.0,22,1,25,298,298,0,instafake
1,0.0,23,1,12,322,411,0,instafake
1,0.0,6,1,11,183,189,0,instafake
1,0.0,0,1,114,324,323,0,instafake
1,0.0,0,1,1,176,256,0,instafake
1,0.0,3,0,8,2572,693,0,instafake
1,0.0,132,0,32,3087,526,0,instafake
1,0.0,130,0,184,4492,2210,0,instafake
1,0.0,94,0,875,2082,2197,0,instafake
1,0.0,100,0,132,1011,262,0,instafake
1,0.0,49,0,5,37,413,0,instafake
1,0.11764705882352941,118,0,9,521,2397,0,instafake
1,0.14285714285714285,26,1,4,16,57,0,instafake
1,0.21428571428571427,105,0,5,222,440,0,instafake
0,0.0,0,0,1,44,3787,0,instafake
1,0.4666666666666667,0,0,172,2253,5022,0,instafake
1,0.25,111,0,3,444,604,0,instafake
1,0.0,0,0,228,360,2288,0,instafake
1,0.0,0,0,7,142,289,0,instafake
1,0.0,0,0,49,114,248,0,instafake
1,0.26666666666666666,0,0,4,340,536,0,instafake
1,0.0,7,0,8,280,691,0,instafake
1,0.0,0,0,3,93,139,0,instafake
1,0.0,12,0,20,58,170,0,instafake
1,0.0,78,0,30,247,963,0,instafake
1,0.5555555555555556,60,0,327,281,1342,0,instafake
1,0.0,15,0,3,1173,1431,0,instafake
1,0.18181818181818182,51,0,2,158,303,0,instafake
1,0.1111111111111111,0,0,6,70,808,0,instafake
1,0.0,50,0,1,1266,678,0,instafake
0,0.0,3,0,1,197,131,0,instafake
1,0.3333333333333333,12,0,2,498,148,0,instafake
1,0.14285714285714285,25,0,6,1705,578,0,instafake
0,0.0,0,1,84,449,1151,0,instafake
1,0.3,140,0,2,1022,5252,0,instafake
1,0.0,0,1,0,1,15,0,instafake
1,0.0,94,0,36,611,514,0,instafake
1,0.0,57,0,0,23,140,0,instafake
1,0.2777777777777778,0,0,25,804,2553,0,instafake
1,0.09090909090909091,68,0,5,291,84,0,instafake
1,0.0,16,0,5,77,42,0,instafake
1,0.0,31,0,3,433,409,0,instafake
1,0.0,73,0,1,199,61,0,instafake
1,0.0,0,0,3,322,257,0,instafake
1,0.0,0,0,1,183,155,0,instafake
1,0.0,0,0,6,152,966,0,instafake
1,0.0,83,0,6,149,822,0,instafake
1,0.0,108,0,3,247,316,0,instafake
1,0.13333333333333333,84,0,8,694,3255,0,instafake
1,0.3076923076923077,10,0,8,287,1459,0,instafake
1,0.2,82,0,9,801,4536,0,instafake
1,0.0,54,0,3,21,586,0,instafake
1,0.0,135,0,2,12,202,0,instafake
1,0.21428571428571427,15,0,3,125,691,0,instafake
1,0.0,70,0,2,25,765,0,instafake
1,0.0,75,0,3,116,1265,0,instafake
1,0.0,0,0,5,140,288,0,instafake
1,0.0,57,0,7,47,61,0,instafake
1,0.16666666666666666,0,1,3,89,112,0,instafake
1,0.2857142857142857,0,1,1,12,28,0,instafake
1,0.0,0,1,7,338,435,0,instafake
1,0.0,24,0,2,875,1027,0,instafake
1,0.0,48,1,8,359,586,0,instafake
1,0.0,32,1,5,353,733,0,instafake
1,0.0,0,0,7,49,326,0,instafake
1,0.0,0,1,3,47,124,0,instafake
0,0.0,3,0,4,40,118,0,instafake
1,0.0,37,1,9,282,377,0,instafake
1,0.0,0,1,5,160,304,0,instafake
1,0.0,54,0,6,605,525,0,instafake
1,0.06666666666666667,130,0,9,816,646,0,instafake
1,0.0,8,1,4,288,365,0,instafake
1,0.0,27,1,8,239,416,0,instafake
1,0.0,0,1,8,153,253,0,instafake
1,0.2857142857142857,0,0,1,21,63,0,instafake
1,0.0,0,1,1,41,93,0,instafake
1,0.0,0,0,4,32,48,0,instafake
1,0.0,56,1,8,13,73,0,instafake
1,0.2222222222222222,149,0,1,30,347,0,instafake
1,0.0,0,0,8,443,1821,0,instafake
1,0.3333333333333333,67,0,6,517,1693,0,instafake
1,0.0,0,1,8,144,651,0,instafake
1,0.0,0,0,8,98,937,0,instafake
1,0.16666666666666666,0,1,9,177,237,0,instafake
1,0.07692307692307693,27,1,1,295,378,0,instafake
1,0.0,0,0,8,156,165,0,instafake
1,0.0,105,0,7,5,46,0,instafake
1,0.16666666666666666,0,0,4,207,258,0,instafake
1,0.0,105,0,5,316,496,0,instafake
1,0.0,0,1,1,22,46,0,instafake
1,0.0,0,1,4,70,160,0,instafake
1,0.0,7,1,4,146,203,0,instafake
1,0.0,0,1,3,261,488,0,instafake
1,0.0,6,1,3,342,465,0,instafake
1,0.0,0,1,9,183,401,0,instafake
1,0.0,97,0,9,250,796,0,instafake
1,0.0,3,1,9,96,134,0,instafake
1,0.0,139,0,6,145,327,0,instafake
1,0.4,0,1,4,146,166,0,instafake
0,0.0,0,0,2,44,361,0,instafake
1,0.0,113,0,6,792,3126,0,instafake
1,0.0,110,0,5,312,2275,0,instafake
1,0.25,0,1,5,283,477,0,instafake
1,0.125,0,0,9,1002,4209,0,instafake
1,0.0,93,0,2,234,658,0,instafake
1,0.0,0,0,2,160,177,0,instafake
1,0.18181818181818182,0,0,9,207,553,0,instafake
1,0.0,21,0,4,46,22,0,instafake
1,0.0,22,0,5,154,147,0,instafake
1,0.0,47,0,6,60,58,0,instafake
1,0.0,0,0,1,149,123,0,instafake
1,0.0,0,1,3,188,504,0,instafake
1,0.1,0,0,3,401,2117,0,instafake
1,0.0,145,0,9,239,1134,0,instafake
1,0.0,0,0,7,91,149,0,instafake
1,0.0,28,0,1,78,783,0,instafake
1,0.36363636363636365,44,0,4,135,517,0,instafake
1,0.0,71,0,4,203,823,0,instafake
1,0.27,53,0,32,1000,955,0,ifsg
1,0.0,44,0,286,2740,533,0,ifsg
1,0.1,0,1,13,159,98,0,ifsg
1,0.0,82,0,679,414,651,0,ifsg
1,0.0,0,1,6,151,126,0,ifsg
1,0.0,81,0,344,669987,150,0,ifsg
1,0.0,50,0,16,122,177,0,ifsg
1,0.0,0,0,33,1078,76,0,ifsg
1,0.0,71,0,72,1824,2713,0,ifsg
1,0.0,40,0,213,12945,813,0,ifsg
1,0.0,54,0,648,9884,1173,0,ifsg
1,0.0,54,0,76,1188,365,0,ifsg
1,0.0,0,0,298,945,583,0,ifsg
1,0.0,103,0,117,12033,248,0,ifsg
1,0.0,98,0,487,1962,2701,0,ifsg
1,0.0,46,0,254,50374,900,0,ifsg
1,0.0,0,0,59,7007,289,0,ifsg
1,0.29,48,0,1570,1128,694,0,ifsg
1,0.0,63,0,378,34670,1878,0,ifsg
1,0.0,106,0,526,2338,776,0,ifsg
1,0.0,40,0,228,3516,999,0,ifsg
1,0.0,35,1,35,1809,416,0,ifsg
1,0.0,30,0,281,427,470,0,ifsg
1,0.0,27,0,285,759,956,0,ifsg
1,0.0,0,0,148,15338538,61,0,ifsg
1,0.0,109,1,57,109,179,0,ifsg
1,0.0,0,1,17,536,665,0,ifsg
1,0.0,132,0,511,121354,176,0,ifsg
1,0.0,126,0,230,2284,130,0,ifsg
1,0.0,122,1,15,186,174,0,ifsg
1,0.0,138,1,980,687,1517,0,ifsg
1,0.13,0,1,53,966,952,0,ifsg
1,0.0,50,1,111,177,170,0,ifsg
1,0.0,35,0,719,744,967,0,ifsg
1,0.0,56,0,1164,542073,674,0,ifsg
1,0.18,9,0,497,5315651,2703,0,ifsg
1,0.33,0,1,18,267,328,0,ifsg
1,0.0,81,0,50,691,680,0,ifsg
1,0.0,134,1,74,120,112,0,ifsg
1,0.0,0,0,8,105,98,0,ifsg
1,0.0,2,0,7389,890969,11,0,ifsg
1,0.0,0,0,420,361853,583,0,ifsg
1,0.0,23,0,433,3678,1359,0,ifsg
1,0.0,138,0,156,92192,16,0,ifsg
1,0.0,35,0,4494,12397719,8,0,ifsg
1,0.0,93,0,751,380510,0,0,ifsg
1,0.0,4,1,4,132,183,0,ifsg
1,0.0,1,1,27,162,208,0,ifsg
1,0.0,4,0,91,369,546,0,ifsg
1,0.0,23,0,262,1476,666,0,ifsg
1,0.0,91,0,274,1798,461,0,ifsg
1,0.0,57,0,271,2118,1109,0,ifsg
1,0.0,108,0,713,812,432,0,ifsg
1,0.0,30,0,200,7217,761,0,ifsg
1,0.0,82,0,12,313,376,0,ifsg
1,0.12,12,0,26,64,261,0,ifsg
1,0.0,54,0,75,1759,643,0,ifsg
1,0.0,0,1,94,404,283,0,ifsg
1,0.0,12,0,63,1843,598,0,ifsg
1,0.12,0,0,69,320377,228,0,ifsg
1,0.0,3,0,12,108,97,0,ifsg
1,0.0,39,0,63,384,447,0,ifsg
1,0.19,0,0,19,60,100,0,ifsg
1,0.0,68,0,100,802,151,0,ifsg
1,0.0,129,0,661,51145,528,0,ifsg
1,0.0,57,0,149,1582,1882,0,ifsg
1,0.0,64,0,22,223,266,0,ifsg
1,0.0,42,0,400,18842,744,0,ifsg
1,0.0,71,0,149,10240,1255,0,ifsg
1,0.0,0,0,122,539,639,0,ifsg
1,0.33,70,0,74,399,452,0,ifsg
1,0.0,74,0,13,581,568,0,ifsg
1,0.0,8,1,8,166,163,0,ifsg
1,0.0,35,0,77,417,362,0,ifsg
1,0.2,0,1,5,266,324,0,ifsg
1,0.0,0,1,3,33,37,0,ifsg
1,0.0,28,1,106,494,998,0,ifsg
1,0.0,18,1,14,178,245,0,ifsg
1,0.0,28,0,172,470,288,0,ifsg
1,0.33,36,0,111,807,675,0,ifsg
1,0.0,2,0,38,162,256,0,ifsg
1,0.06,11,1,19,417,395,0,ifsg
1,0.0,70,0,227,17303,360,0,ifsg
1,0.0,29,0,221,1439,629,0,ifsg
1,0.0,24,0,580,91446,526,0,ifsg
1,0.0,21,0,40,824,489,0,ifsg
1,0.0,81,0,101,741,1440,0,ifsg
1,0.0,34,1,157,1267,899,0,ifsg
1,0.0,40,0,197,4594,1713,0,ifsg
1,0.0,12,0,61,1135,899,0,ifsg
1,0.0,0,1,698,1926,1410,0,ifsg
1,0.0,59,1,49,1068,1925,0,ifsg
1,0.0,15,1,85,815,748,0,ifsg
1,0.0,54,0,77,565,469,0,ifsg
1,0.0,16,0,58,2556,1074,0,ifsg
1,0.0,73,1,232,1312,935,0,ifsg
1,0.0,24,0,20,699,599,0,ifsg
1,0.0,0,0,98,4328,418,0,ifsg
1,0.0,26,0,559,2487,999,0,ifsg
1,0.0,0,0,189,673,438,0,ifsg
1,0.0,0,1,388,730,413,0,ifsg
1,0.0,0,1,28,59,55,0,ifsg
1,0.0,0,1,156,289,222,0,ifsg
1,0.0,28,1,6,19,20,0,ifsg
1,0.0,55,0,69,3551,173,0,ifsg
1,0.0,140,0,775,19512,591,0,ifsg
1,0.0,122,0,205,2756,638,0,ifsg
1,0.0,113,0,209,5406,589,0,ifsg
1,0.0,38,1,334,459,390,0,ifsg
1,0.0,0,0,9,218,75,0,ifsg
1,0.0,23,0,6,796,1155,0,ifsg
1,0.0,0,0,416,1113,1854,0,ifsg
1,0.2,89,1,13,138,208,0,ifsg
1,0.44,30,1,33,205,164,0,ifsg
1,0.0,0,0,1,331,333,0,ifsg
1,0.1,0,0,711,748,4659,0,ifsg
1,0.0,0,0,114,490,1093,0,ifsg
1,0.0,12,1,16,456,413,0,ifsg
1,0.0,123,0,107,971,2047,0,ifsg
1,0.24,0,0,5,497,438,0,ifsg
1,0.14,0,1,7,99,132,0,ifsg
1,0.0,0,1,21,193,413,0,ifsg
1,0.0,40,0,65,492,689,0,ifsg
1,0.29,0,0,10,167,164,0,ifsg
1,0.0,33,1,59,99,178,0,ifsg
1,0.0,0,1,137,916,1142,0,ifsg
1,0.0,5,1,10,196,209,0,ifsg
1,0.0,0,1,571,765,424,0,ifsg
1,0.18,23,1,24,45,80,0,ifsg
1,0.0,35,0,328,634,719,0,ifsg
1,0.0,150,0,161,1383,7500,0,ifsg
1,0.0,26,1,280,650,703,0,ifsg
1,0.0,149,1,92,484,3296,0,ifsg
1,0.0,129,0,31,200,270,0,ifsg
1,0.0,0,0,0,192,65,0,ifsg
1,0.0,18,1,25,553,610,0,ifsg
1,0.0,74,0,921,27477,7202,0,ifsg
1,0.0,0,1,1020,464,1039,0,ifsg
1,0.0,59,0,301,1057,524,0,ifsg
1,0.0,148,0,9,413,138,0,ifsg
1,0.0,0,0,158,389,806,0,ifsg
1,0.29,15,0,43,505,503,0,ifsg
1,0.0,46,1,24,941,1208,0,ifsg
1,0.0,5,1,60,2598,802,0,ifsg
1,0.0,98,0,4,59,111,0,ifsg
1,0.0,55,0,220,622,475,0,ifsg
1,0.0,19,0,1159,2719,1061,0,ifsg
1,0.36,71,0,8,216,305,0,ifsg
1,0.22,133,0,396,881,375,0,ifsg
1,0.08,150,0,38,870,72,0,ifsg
1,0.0,43,1,1,265,371,0,ifsg
1,0.15,37,1,2,1204,633,0,ifsg
1,0.0,35,1,43,655,1016,0,ifsg
1,0.0,87,0,131,1662,1065,0,ifsg
1,0.14,59,0,7,14222,7399,0,ifsg
1,0.0,0,0,57,483,1216,0,ifsg
1,0.0,0,0,36,1204,2928,0,ifsg
1,0.0,9,1,91,408,635,0,ifsg
1,0.0,12,1,8,303,417,0,ifsg
1,0.1,0,0,11,125,101,0,ifsg
1,0.09,0,0,252,229,383,0,ifsg
1,0.15,95,1,15,357,489,0,ifsg
1,0.0,0,0,74,137,96,0,ifsg
1,0.0,46,1,83,255,535,0,ifsg
1,0.0,123,1,126,87,399,0,ifsg
1,0.0,117,0,663,326946,3,0,ifsg
1,0.0,26,1,0,114,446,0,ifsg
1,0.0,0,1,10,167,387,0,ifsg
1,0.0,58,1,8,1247,1196,0,ifsg
1,0.0,0,0,24,585,1364,0,ifsg
1,0.0,30,1,65,135,232,0,ifsg
1,0.0,62,0,64,722,261,0,ifsg
1,0.45,137,0,664,714,1159,0,ifsg
1,0.0,149,0,130,39867,4664,0,ifsg
0,0.0,14,1,131,533,1060,0,ifsg
1,0.0,19,1,917,1158,3932,0,ifsg
1,0.0,131,0,2,45834,280,0,ifsg
1,0.0,0,0,142,876,529,0,ifsg
1,0.09,5,0,165,3003,455,0,ifsg
1,0.09,0,0,80,1298,407,0,ifsg
1,0.0,11,1,32,3800,278,0,ifsg
1,0.0,0,1,81,1358,127,0,ifsg
1,0.0,27,0,334,6741307,111,0,ifsg
1,0.38,10,0,8,791,456,0,ifsg
1,0.0,72,0,373,732075,363,0,ifsg
1,0.0,3,1,56,373,360,0,ifsg
1,0.0,51,1,7,162,311,0,ifsg
1,0.0,44,1,12,309,364,0,ifsg
1,0.0,0,0,5,135,176,0,ifsg
1,0.0,73,0,77,244,172,0,ifsg
1,0.18,70,1,93,67,149,0,ifsg
1,0.0,35,0,192,984,76,0,ifsg
1,0.0,13,1,8,751,1223,0,ifsg
1,0.0,105,1,145,781,529,0,ifsg
1,0.0,91,0,135,1761,905,0,ifsg
1,0.14,0,1,18,318,523,0,ifsg
1,0.0,48,0,222,5282,652,0,ifsg
1,0.0,48,0,222,5282,652,0,ifsg
1,0.0,126,1,5,228,238,0,ifsg
1,0.0,0,1,119,393,502,0,ifsg
1,0.0,53,0,201,875,754,0,ifsg
1,0.0,8,1,12,173,373,0,ifsg
1,0.0,67,0,301,3896490,351,0,ifsg
1,0.0,20,0,20,106,133,0,ifsg
1,0.08,26,0,112,206,32,0,ifsg
1,0.0,86,1,54,259,1371,0,ifsg
1,0.0,51,1,98,1013,996,0,ifsg
1,0.11,26,0,16,738,544,0,ifsg
1,0.0,18,1,133,1008,517,0,ifsg
1,0.0,96,0,142,2441,396,0,ifsg
1,0.0,17,0,63,416,292,0,ifsg
1,0.0,0,1,70,516,463,0,ifsg
1,0.0,62,0,403,8711,345,0,ifsg
1,0.0,86,0,15,433,584,0,ifsg
1,0.0,148,0,990,18515,1000,0,ifsg
1,0.0,1,1,12,70,67,0,ifsg
1,0.22,39,0,26,5863,157,0,ifsg
1,0.36,35,0,2,1677,716,0,ifsg
1,0.0,103,0,24,617,272,0,ifsg
1,0.0,0,0,411,31182,414,0,ifsg
1,0.0,61,1,217,1152,292,0,ifsg
1,0.15,44,0,156,8578,164,0,ifsg
1,0.0,0,0,389,4347,748,0,ifsg
1,0.0,0,1,8,319,335,0,ifsg
1,0.0,0,1,3,189,177,0,ifsg
1,0.0,112,1,22,743,331,0,ifsg
1,0.18,123,0,59,11204,124,0,ifsg
1,0.0,24,1,144,419,271,0,ifsg
1,0.0,34,0,2,81,268,0,ifsg
1,0.0,19,0,78,947,582,0,ifsg
1,0.0,0,0,28,206,333,0,ifsg
1,0.0,42,0,111,541,701,0,ifsg
1,0.18,50,0,6,392,237,0,ifsg
1,0.22,67,0,4,4177,3678,0,ifsg
1,0.17,134,0,31,265,321,0,ifsg
1,0.0,101,0,86,272,1486,0,ifsg
1,0.0,0,0,240,425,917,0,ifsg
1,0.0,0,1,11,150,178,0,ifsg
1,0.0,17,1,44,711,673,0,ifsg
1,0.0,0,1,9,89,121,0,ifsg
1,0.0,32,1,62,742,653,0,ifsg
1,0.0,0,0,0,96,50,0,ifsg
1,0.0,80,1,15,77,107,0,ifsg
1,0.0,2,1,53,195,395,0,ifsg
1,0.0,0,1,2,9,13,0,ifsg
1,0.0,146,0,52,10794,3164,0,ifsg
1,0.19,0,0,1,104,15,0,ifsg
1,0.0,0,1,62,318,569,0,ifsg
1,0.18,0,0,247,355,137,0,ifsg
1,0.31,0,1,9,99,488,0,ifsg
1,0.0,6,0,13,300,372,0,ifsg
1,0.15,0,0,204,139,61,0,ifsg
1,0.0,0,1,0,13,77,0,ifsg
1,0.22,0,1,51,606,430,0,ifsg
1,0.0,64,0,15,428,333,0,ifsg
1,0.0,0,0,108,494,545,0,ifsg
1,0.24,0,1,353,1261,2187,0,ifsg
1,0.0,0,1,5,68,87,0,ifsg
1,0.0,49,0,560,205558,53,0,ifsg
1,0.0,23,0,85,668,609,0,ifsg
1,0.0,120,0,95,1456,555,0,ifsg
1,0.14,34,0,14,410,387,0,ifsg
1,0.0,25,1,52,298,555,0,ifsg
1,0.0,0,1,7,254,345,0,ifsg
1,0.0,12,0,197,1070,1072,0,ifsg
1,0.17,0,1,89,1167,618,0,ifsg
1,0.0,9,1,34,335,300,0,ifsg
1,0.08,1,0,283,346,426,0,ifsg
1,0.0,18,1,65,1746,1631,0,ifsg
1,0.0,34,1,126,268,370,0,ifsg
1,0.0,23,1,327,537,1002,0,ifsg
1,0.0,19,1,42,805,488,0,ifsg
1,0.0,139,0,36,1504,52,0,ifsg
1,0.0,13,1,3,104,119,0,ifsg
1,0.0,50,0,53,380,462,0,ifsg
1,0.0,46,1,7,257,346,0,ifsg
1,0.0,30,1,103,1775,7500,0,ifsg
1,0.3,26,1,241,1456,1200,0,ifsg
1,0.0,0,1,103,265,264,0,ifsg
1,0.0,0,1,93,1051,694,0,ifsg
1,0.11,0,0,1,77,34,0,ifsg
0,0.0,27,1,16,220,323,0,ifsg
1,0.07,37,1,32,178,81,0,ifsg
1,0.0,31,1,1232,728,1213,0,ifsg
1,0.0,20,1,75,668,294,0,ifsg
1,0.0,7,0,5,406,408,0,ifsg
1,0.0,0,0,3,37,22,0,ifsg
1,0.0,0,1,30,56,114,0,ifsg
0,0.22,0,0,0,90,333,1,ifsg
0,0.38,0,0,0,60,31,1,ifsg
0,0.43,0,1,2,271,445,1,ifsg
1,0.0,0,1,3,1,80,1,ifsg
1,0.5,24,1,13,158,309,1,ifsg
0,0.31,0,0,0,39,64,1,ifsg
0,0.22,43,1,1,0,11,1,ifsg
0,0.0,0,1,0,0,853,1,ifsg
1,0.25,0,1,10,0,23,1,ifsg
0,0.0,0,0,0,12,5,1,ifsg
0,0.33,0,0,0,10,18,1,ifsg
0,0.33,0,1,0,1,34,1,ifsg
0,0.0,0,0,0,1,8,1,ifsg
0,0.0,0,1,0,0,0,1,ifsg
0,0.12,0,1,0,31,213,1,ifsg
0,0.18,0,1,0,5,10,1,ifsg
0,0.5,0,1,5,18,58,1,ifsg
1,0.5,0,1,0,12,77,1,ifsg
0,0.5,0,1,0,6,37,1,ifsg
1,0.57,0,0,0,47,10,1,ifsg
0,0.45,0,0,0,33,4,1,ifsg
0,0.5,0,1,141,4,279,1,ifsg
0,0.57,0,1,6,5,15,1,ifsg
1,0.0,0,1,1,0,44,1,ifsg
0,0.44,0,1,0,5,17,1,ifsg
0,0.0,0,1,1,107,42,1,ifsg
1,0.88,0,1,39,8,60,1,ifsg
0,0.0,0,0,0,48,6,1,ifsg
0,0.22,0,1,9,2,215,1,ifsg
0,0.0,0,1,0,51,126,1,ifsg
1,0.0,43,1,21,5,48,1,ifsg
0,0.0,0,1,0,0,802,1,ifsg
0,0.55,0,0,0,26,46,1,ifsg
0,0.07,0,1,0,0,601,1,ifsg
1,0.8,13,1,3,76,168,1,ifsg
0,0.0,0,1,0,165,689,1,ifsg
0,0.0,0,0,0,115,230,1,ifsg
0,0.31,0,0,0,6,15,1,ifsg
0,0.4,0,0,0,24,49,1,ifsg
0,0.33,0,1,0,40,236,1,ifsg
0,0.0,0,1,6,32,52,1,ifsg
0,0.33,0,1,0,0,35,1,ifsg
0,0.36,0,0,0,21,44,1,ifsg
1,0.55,0,1,1,79,767,1,ifsg
1,0.41,0,1,4,8,37,1,ifsg
1,0.43,0,0,0,49,79,1,ifsg
0,0.11,0,1,0,31,91,1,ifsg
1,0.0,0,1,0,15,41,1,ifsg
1,0.25,0,0,0,4,3,1,ifsg
1,0.44,0,1,0,0,229,1,ifsg
1,0.3,0,1,17,316,1165,1,ifsg
0,0.1,0,1,0,0,0,1,ifsg
0,0.0,0,0,1,3,1,1,ifsg
0,0.0,0,0,0,2,30,1,ifsg
1,0.29,9,1,7,221,244,1,ifsg
0,0.0,0,0,13,181,935,1,ifsg
0,0.0,0,1,0,9,167,1,ifsg
0,0.67,0,0,0,2,0,1,ifsg
1,0.31,0,1,0,25,86,1,ifsg
1,0.0,18,0,5,26,129,1,ifsg
1,0.89,0,1,124,15,305,1,ifsg
1,0.0,10,0,9,59,48,1,ifsg
0,0.2,61,1,5,7,47,1,ifsg
0,0.12,0,1,2,40,179,1,ifsg
0,0.0,0,0,0,51,41,1,ifsg
1,0.0,0,0,150,133,750,1,ifsg
1,0.0,0,1,29,25,39,1,ifsg
1,0.18,0,1,108,864,3646,1,ifsg
1,0.0,0,0,77,73,35,1,ifsg
1,0.38,0,1,3,184,170,1,ifsg
1,0.43,0,1,7,161,333,1,ifsg
1,0.22,0,1,3,42,694,1,ifsg
1,0.0,22,1,131,279,1124,1,ifsg
1,0.0,0,0,40,219,155,1,ifsg
1,0.24,0,1,4,18,106,1,ifsg
1,0.44,0,1,84,106,171,1,ifsg
1,0.5,2,1,299,34,108,1,ifsg
0,0.0,0,0,11,42,26,1,ifsg
1,0.16,146,1,0,1,13,1,ifsg
0,0.89,0,1,0,38,68,1,ifsg
1,0.58,6,1,1,34,44,1,ifsg
1,0.29,50,1,4,23,151,1,ifsg
1,0.3,0,1,0,23,37,1,ifsg
0,0.5,0,0,0,83,139,1,ifsg
0,0.4,0,0,0,25,28,1,ifsg
1,0.0,39,1,3,13,38,1,ifsg
0,0.25,0,0,0,64,60,1,ifsg
0,0.36,0,0,0,90,69,1,ifsg
0,0.33,0,0,0,82,6,1,ifsg
0,0.0,0,0,0,140,319,1,ifsg
0,0.36,0,1,0,0,29,1,ifsg
1,0.3,5,1,1,51,420,1,ifsg
1,0.12,91,0,7,38,87,1,ifsg
0,0.33,2,1,3,21,733,1,ifsg
1,0.38,0,1,0,5,121,1,ifsg
1,0.4,0,1,0,21,45,1,ifsg
0,0.57,0,1,5,124,249,1,ifsg
0,0.22,0,1,0,5,56,1,ifsg
1,0.38,37,1,1,2,16,1,ifsg
0,0.64,0,0,0,42,46,1,ifsg
1,0.33,0,1,12,48,45,1,ifsg
0,0.31,0,0,0,32,25,1,ifsg
0,0.0,0,1,0,0,71,1,ifsg
0,0.25,0,0,0,0,0,1,ifsg
1,0.12,0,1,1,10,104,1,ifsg
1,0.38,0,1,92,19,31,1,ifsg
0,0.31,0,1,0,138,99,1,ifsg
0,0.2,0,1,0,11,157,1,ifsg
0,0.0,0,1,0,1,64,1,ifsg
0,0.42,0,0,0,39,40,1,ifsg
1,0.0,148,0,21,446,1762,1,ifsg
1,0.57,0,1,7,9,82,1,ifsg
0,0.0,0,0,9,589,2980,1,ifsg
0,0.06,0,0,0,27,63,1,ifsg
1,0.0,0,0,14,143,500,1,ifsg
0,0.0,0,1,0,0,177,1,ifsg
0,0.0,0,1,0,0,130,1,ifsg
0,0.21,0,0,3,124,135,1,ifsg
1,0.07,0,1,0,12,192,1,ifsg
0,0.42,0,0,0,16,36,1,ifsg
0,0.21,0,0,1,1,2,1,ifsg
0,0.38,0,0,1,120,181,1,ifsg
0,0.0,0,1,0,0,71,1,ifsg
0,0.0,0,0,1,26,8,1,ifsg
1,0.14,0,0,0,57,167,1,ifsg
0,0.15,0,0,1,13,22,1,ifsg
1,0.0,149,0,28,1031,208,1,ifsg
1,0.18,0,0,0,42,146,1,ifsg
1,0.33,0,0,25,70,64,1,ifsg
1,0.18,0,1,0,0,8,1,ifsg
1,0.3,0,0,0,46,92,1,ifsg
1,0.43,0,0,111,834,4118,1,ifsg
0,0.0,22,1,2,389,392,1,ifsg
1,0.33,0,0,0,43,221,1,ifsg
0,0.33,0,1,0,23,40,1,ifsg
0,0.0,0,1,0,5,82,1,ifsg
0,0.71,0,1,0,4,25,1,ifsg
0,0.5,0,0,0,17,44,1,ifsg
1,0.25,2,1,5,182,227,1,ifsg
1,0.33,0,0,10,108,304,1,ifsg
0,0.5,0,0,3,43,123,1,ifsg
0,0.29,0,0,19,77,8,1,ifsg
0,0.09,0,0,0,32,87,1,ifsg
0,0.25,0,1,0,0,11,1,ifsg
1,0.13,0,1,8,40,66,1,ifsg
0,0.33,20,0,2,53,303,1,ifsg
1,0.14,0,0,10,67,90,1,ifsg
1,0.0,0,0,29,122,336,1,ifsg
0,0.0,0,0,0,18,49,1,ifsg
0,0.4,0,1,0,24,88,1,ifsg
1,0.0,0,0,2,35,136,1,ifsg
1,0.4,0,1,3,119,151,1,ifsg
1,0.1,0,1,5,6,24,1,ifsg
0,0.43,0,0,0,34,26,1,ifsg
1,0.0,148,0,63,272,295,1,ifsg
1,0.44,0,0,1,53,137,1,ifsg
1,0.33,50,1,4,818,618,1,ifsg
1,0.0,0,0,34,82,74,1,ifsg
1,0.38,2,0,0,40,233,1,ifsg
1,0.4,0,1,0,21,76,1,ifsg
1,0.33,0,0,6,59,38,1,ifsg
1,0.12,0,0,2,102,109,1,ifsg
1,0.29,0,1,7,576,474,1,ifsg
0,0.57,0,0,0,19,16,1,ifsg
1,0.0,0,1,0,66,161,1,ifsg
1,0.0,0,1,5,310,894,1,ifsg
1,0.0,34,1,0,16,17,1,ifsg
0,0.0,0,0,0,15,4,1,ifsg
1,0.07,0,1,0,47,98,1,ifsg
1,0.0,0,0,4,88,61,1,ifsg
1,0.27,0,1,1,51,59,1,ifsg
1,0.0,0,0,26,505,2330,1,ifsg
1,0.36,0,0,9,159,433,1,ifsg
1,0.29,0,1,4,77,1269,1,ifsg
1,0.83,32,0,4,61,76,1,ifsg
0,0.67,0,1,0,7,14,1,ifsg
1,0.38,0,1,0,11,60,1,ifsg
0,0.58,0,0,0,49,22,1,ifsg
0,0.0,0,0,0,15,595,1,ifsg
1,0.2,0,0,1,1,9,1,ifsg
0,0.0,0,0,0,17,1,1,ifsg
0,0.29,0,0,0,15,1,1,ifsg
1,0.25,59,0,28,358,1990,1,ifsg
0,0.25,0,0,0,20,7,1,ifsg
0,0.0,6,0,1,50,32,1,ifsg
0,0.0,0,0,0,57,76,1,ifsg
0,0.31,0,0,2,12,15,1,ifsg
1,0.67,0,0,2,218,792,1,ifsg
0,0.33,0,0,9,78,98,1,ifsg
0,0.47,0,0,1,16,23,1,ifsg
0,0.36,0,0,8,39,17,1,ifsg
0,0.0,0,0,0,15,1,1,ifsg
0,0.4,0,0,0,30,48,1,ifsg
0,0.33,0,0,0,85,638,1,ifsg
0,0.33,0,0,0,77,747,1,ifsg
0,0.55,0,0,0,49,82,1,ifsg
0,0.27,0,0,0,16,24,1,ifsg
0,0.44,0,0,0,8,6,1,ifsg
0,0.44,0,0,2,34,22,1,ifsg
0,0.47,0,0,2,45,83,1,ifsg
0,0.33,0,0,0,49,0,1,ifsg
0,0.0,0,0,0,15,5,1,ifsg
0,0.25,0,0,0,92,403,1,ifsg
1,0.91,0,0,0,75,26,1,ifsg
0,0.44,0,0,0,10,0,1,ifsg
1,0.12,1,0,0,23,26,1,ifsg
0,0.2,0,0,0,22,11,1,ifsg
0,0.24,0,0,0,55,46,1,ifsg
0,0.27,0,0,0,16,0,1,ifsg
0,0.25,0,0,0,7,20,1,ifsg
0,0.28,0,0,0,86,0,1,ifsg
0,0.38,0,0,0,3,11,1,ifsg
0,0.57,0,0,0,12,30,1,ifsg
1,0.44,0,0,1,14,56,1,ifsg
0,0.47,0,0,0,24,22,1,ifsg
0,0.0,0,0,0,52,1,1,ifsg
0,0.44,0,0,1,16,27,1,ifsg
0,0.44,0,0,4,17,20,1,ifsg
0,0.57,0,0,0,50,49,1,ifsg
0,0.54,0,0,5,136,1029,1,ifsg
1,0.43,0,0,10,178,1417,1,ifsg
0,0.89,0,0,1,50,39,1,ifsg
1,0.38,0,0,2,207,2426,1,ifsg
0,0.36,0,1,0,178,828,1,ifsg
0,0.0,0,0,0,16,26,1,ifsg
0,0.14,0,0,0,49,2,1,ifsg
0,0.2,0,0,2,49,12,1,ifsg
0,0.1,0,0,0,37,4,1,ifsg
0,0.5,0,0,0,21,0,1,ifsg
1,0.58,0,0,21,356,2176,1,ifsg
0,0.44,0,0,0,46,4,1,ifsg
0,0.22,0,0,0,49,0,1,ifsg
0,0.0,0,0,0,49,58,1,ifsg
0,0.0,0,0,0,44,45,1,ifsg
0,0.13,0,0,0,42,240,1,ifsg
0,0.38,0,0,0,47,9,1,ifsg
0,0.1,0,0,0,48,1,1,ifsg
1,0.91,0,0,0,75,26,1,ifsg
0,0.08,0,0,0,115,289,1,ifsg
0,0.88,0,0,5,53,66,1,ifsg
0,0.67,0,0,0,32,23,1,ifsg
0,0.44,0,0,0,39,153,1,ifsg
0,0.18,0,0,0,3033,1155,1,ifsg
0,0.25,0,0,0,3003,825,1,ifsg
0,0.88,0,0,1,34,36,1,ifsg
0,0.36,0,0,37,218,1528,1,ifsg
1,0.33,0,0,8,210,1543,1,ifsg
1,0.2,19,0,4,1489,3715,1,ifsg
0,0.5,0,0,0,10,2,1,ifsg
0,0.33,0,0,28,201,812,1,ifsg
0,0.0,0,0,0,351,2663,1,ifsg
0,0.43,0,0,0,52,16,1,ifsg
0,0.25,0,0,6,156,423,1,ifsg
0,0.43,0,0,12,85,477,1,ifsg
0,0.24,0,0,0,35,38,1,ifsg
0,0.44,0,0,0,55,28,1,ifsg
0,0.27,43,1,0,16,51,1,ifsg
0,0.38,0,0,0,43,88,1,ifsg
0,0.4,0,0,2,97,408,1,ifsg
0,0.57,0,0,2,34,112,1,ifsg
0,0.0,0,0,0,2346,7272,1,ifsg
0,0.25,0,0,0,49,95,1,ifsg
1,0.19,0,1,2,2,55,1,ifsg
0,0.46,0,0,2,40,19,1,ifsg
0,0.46,0,1,0,332,1333,1,ifsg
0,0.73,0,0,0,14,542,1,ifsg
1,0.6,0,0,12,65,162,1,ifsg
1,0.46,0,0,1,20,52,1,ifsg
0,0.31,0,0,0,26,27,1,ifsg
1,0.43,0,0,0,72,434,1,ifsg
1,0.0,0,0,1,55,2,1,ifsg
1,0.5,33,0,12,77,108,1,ifsg
1,0.0,0,1,59,31,215,1,ifsg
0,0.86,0,0,0,57,130,1,ifsg
0,0.62,0,1,0,58,347,1,ifsg
1,0.33,0,0,23,47,139,1,ifsg
1,0.16,43,0,3,31,37,1,ifsg
1,0.92,0,0,11,96,242,1,ifsg
1,0.27,19,0,8,126,860,1,ifsg
1,0.25,0,1,102,39,229,1,ifsg
1,0.43,5,0,6,66,161,1,ifsg
1,0.31,0,0,25,87,698,1,ifsg
1,0.2,28,0,0,15,64,1,ifsg
1,0.55,0,0,33,166,596,1,ifsg
1,0.38,21,0,44,66,75,1,ifsg
1,0.57,0,0,4,96,339,1,ifsg
1,0.57,11,0,0,57,73,1,ifsg
1,0.27,0,0,2,150,487,1,ifsg
1,0.33,30,1,35,488,604,0,ifsg
1,0.0,64,1,3,35,6,0,ifsg
1,0.0,82,1,319,328,668,0,ifsg
1,0.0,143,1,273,14890,7369,0,ifsg
1,0.5,76,1,6,225,356,0,ifsg
1,0.0,0,1,6,362,424,0,ifsg
1,0.0,132,1,9,213,254,0,ifsg
1,0.0,0,1,19,552,521,0,ifsg
1,0.0,96,1,17,122,143,0,ifsg
1,0.0,78,1,9,834,358,0,ifsg
1,0.0,0,1,53,229,492,0,ifsg
1,0.14,78,1,97,1913,436,0,ifsg
1,0.14,61,1,17,200,437,0,ifsg
1,0.33,45,1,8,130,622,0,ifsg
1,0.1,43,0,60,192,141,0,ifsg
1,0.0,56,1,51,498,337,0,ifsg
1,0.33,86,1,25,96,499,0,ifsg
1,0.0,97,1,188,202,605,0,ifsg
1,0.0,46,1,590,175,199,0,ifsg
1,0.0,39,1,251,223,694,0,ifsg
1,0.5,0,1,0,189,276,0,ifsg
1,0.0,28,1,58,486,862,0,ifsg
1,0.22,63,1,46,464,367,0,ifsg
1,0.0,24,1,19,150,157,0,ifsg
1,0.1,4,1,250,2983,545,0,ifsg
1,0.0,27,1,28,116,138,0,ifsg
1,0.0,137,0,1065,155537,1395,0,ifsg
1,0.0,69,1,209,248,490,0,ifsg
1,0.33,0,1,5,348,347,0,ifsg
1,0.0,147,0,1879,4021842,5514,0,ifsg
1,0.0,0,0,9,366,552,0,ifsg
1,0.0,138,0,253,1064,573,0,ifsg
1,0.0,117,0,90,81267,963,0,ifsg
1,0.0,0,1,8,400,449,0,ifsg
1,0.17,0,0,12,361,562,0,ifsg
1,0.0,14,0,13,228,346,0,ifsg
1,0.0,18,0,59,855,151,0,ifsg
1,0.0,54,0,77,777,148,0,ifsg
1,0.0,0,0,14,264,151,0,ifsg
1,0.15,73,0,330,1572,3504,0,ifsg
1,0.0,47,1,2,510,185,0,ifsg
1,0.0,84,0,932,1027419,293,0,ifsg
1,0.0,39,0,6,710,549,0,ifsg
1,0.09,77,0,463,2267,466,0,ifsg
1,0.0,33,1,62,2055,993,0,ifsg
1,0.0,149,1,247,814,1111,0,ifsg
1,0.0,8,1,85,668,605,0,ifsg
1,0.0,0,0,0,87,40,0,ifsg
1,0.0,18,1,118,461,1055,0,ifsg
1,0.0,133,0,307,602517,482,0,ifsg
1,0.0,0,0,9,62,47,0,ifsg
1,0.0,81,1,25,341,274,0,ifsg
1,0.0,4,0,42,717,223,0,ifsg
1,0.0,13,1,14,386,363,0,ifsg
1,0.0,20,0,78,673,568,0,ifsg
1,0.0,24,1,465,654,535,0,ifsg
1,0.0,19,0,65,751,577,0,ifsg
1,0.14,0,0,9,209,276,0,ifsg
1,0.0,146,0,145,573,474,0,ifsg
1,0.0,0,1,1,284,505,0,ifsg
0,0.05,0,0,0,0,2,1,ifsg
1,0.27,0,0,0,45,64,1,ifsg
0,0.07,0,0,0,19,30,1,ifsg
0,0.0,0,0,0,69,694,1,ifsg
0,0.0,0,0,0,22,82,1,ifsg
0,0.22,0,0,0,31,124,1,ifsg
0,0.0,0,0,0,9,25,1,ifsg
0,0.0,0,0,0,69,694,1,ifsg
0,0.0,0,0,0,23,33,1,ifsg
0,0.62,0,0,1,17,34,1,ifsg
0,0.0,14,0,0,46,38,1,ifsg
0,0.42,0,0,0,16,2,1,ifsg
0,0.62,0,0,0,0,18,1,ifsg
0,0.5,0,0,0,21,1,1,ifsg
0,0.31,0,0,0,52,15,1,ifsg
0,0.27,0,0,1,24,2,1,ifsg
0,0.5,0,0,0,13,22,1,ifsg
0,0.75,0,0,0,227,353,1,ifsg
1,0.43,0,0,2,10,24,1,ifsg
0,0.25,0,0,0,46,18,1,ifsg
1,0.88,0,0,3,57,22,1,ifsg
1,0.89,0,0,8,341,2287,1,ifsg
1,0.0,0,0,3,1789,6153,1,ifsg
1,0.27,0,0,0,45,64,1,ifsg
0,0.0,0,0,0,21,31,1,ifsg
1,0.56,20,0,34,309,250,1,ifsg
1,0.0,58,0,4,1742,6172,1,ifsg
0,0.14,0,0,0,1906,2129,1,ifsg
1,0.0,0,0,1,39,324,1,ifsg
0,0.5,0,0,1,17,33,1,ifsg
1,0.0,0,0,1,62,126,1,ifsg
1,0.5,0,0,0,119,350,1,ifsg
0,0.33,0,0,0,2997,764,1,ifsg
1,0.0,0,0,15,772,3239,1,ifsg
1,0.0,0,0,4,129,920,1,ifsg
1,0.38,0,0,70,94,105,1,ifsg
0,0.0,0,0,2,37,58,1,ifsg
1,0.33,0,0,81,75,55,1,ifsg
0,0.31,0,0,0,42,175,1,ifsg
1,0.67,0,0,5,145,202,1,ifsg
1,0.38,0,0,21,128,636,1,ifsg
1,0.38,0,0,3,88,72,1,ifsg
0,0.0,0,0,2,1987,7453,1,ifsg
1,0.48,0,0,16,100,162,1,ifsg
1,0.57,0,0,3,214,829,1,ifsg
1,0.88,0,0,23,227,776,1,ifsg
1,0.89,0,0,6,192,942,1,ifsg
0,0.44,112,0,4,415,1445,1,ifsg
0,0.0,0,0,0,926,4239,1,ifsg
1,0.44,0,0,60,238,1381,1,ifsg
1,0.0,0,0,1,193,669,1,ifsg
1,0.0,0,0,0,49,235,1,ifsg
0,0.44,0,0,0,13,7,1,ifsg
1,0.45,0,0,2,74,270,1,ifsg
1,0.33,0,0,8,88,76,1,ifsg
1,0.29,0,0,13,114,811,1,ifsg
1,0.4,0,0,4,150,164,1,ifsg
1,0.0,0,0,3,833,3572,1,ifsg
0,0.17,0,0,1,219,1695,1,ifsg
1,0.44,0,0,3,39,68,1,ifsg
